AÑO,MES,NOMBRE_MES_CORTO,DES_PRODUCTO,Cantidad Importación,Cantidad Cotización,Cantidad Ventas
2016,2,FEB,PROTECCION,1,0,0
2016,4,ABR,BOMBA ACODADA HDT 108 LITROS,1,0,0
2016,4,ABR,COUPLING ACOPLE TDFNI/UNIBOMBA,2,0,0
2016,4,ABR,KIT BMB.BENT AXIS HDT84 IZQ+RAC.REC,2,0,0
2016,4,ABR,KIT DE MONTAJE,1,0,0
2016,4,ABR,KIT DE MONTAJE 60.3 C.SHAANXI+LUB.,1,0,0
2016,4,ABR,KIT DE MONTAJE OMFB,1,0,0
2016,4,ABR,MANUALS TECHNICAL,1,0,0
2016,4,ABR,PERNO,2,0,0
2016,4,ABR,PISTA DESLIZAMIENTO,1,0,0
2016,4,ABR,PLATO DE APOYO 600X600X60,6,0,0
2016,4,ABR,SISTEMA LEVERAGIIO PER AUMENTO CORSA,1,0,0
2016,4,ABR,VALVULA,13,0,0
2016,4,ABR,ZSUPPORTI INFORM,1,0,0
2016,5,MAY,ADAPTADOR DOBLEMANDO,2,0,0
2016,5,MAY,ANILLO/A,2,0,0
2016,5,MAY,BOBINA,6,0,0
2016,5,MAY,CABLE ELECTRICO,1,0,0
2016,5,MAY,CASQUILLO,4,0,0
2016,5,MAY,CILINDRO,2,0,0
2016,5,MAY,ELECTROVALVULA,6,0,0
2016,5,MAY,ENROLLADOR DE CABLE,10,0,0
2016,5,MAY,FILTRO,20,0,0
2016,5,MAY,FILTRO DE RETORNO ,2,0,0
2016,5,MAY,GRUA HIDRULICA ARTICULADA 455/8S-100027763 + ESTABILIZADOR,1,0,0
2016,5,MAY,GUARDAPOLVO,20,0,0
2016,5,MAY,KIT BMB . BENT AXIS HDS55 IZQ+RAC.REC,1,0,0
2016,5,MAY,KIT MAT. X TRASS.SFILI GRU855,1,0,0
2016,5,MAY,PERNO,5,0,0
2016,5,MAY,PISTA DESLIZAMIENTO,1,0,0
2016,5,MAY,PISTON,1,0,0
2016,5,MAY,SEPARADOR,4,0,0
2016,5,MAY,VARILLA,4,0,0
2016,6,JUN,CARGADOR DE BATERIAS,1,0,0
2016,6,JUN,CASQUILLO,1,0,0
2016,6,JUN,DOUBLE ACTING VALVE 1/2,1,0,0
2016,6,JUN,JUEGO DE JUNTAS,1,0,0
2016,6,JUN,JUEGO RETENES,2,0,0
2016,6,JUN,KIT TRASF.XV.S19+T.R.2T.XMB+LI,2,0,0
2016,6,JUN,PERNOS DE SUJECION DE PLATAFORMAS DE APOYO,1,0,0
2016,6,JUN,PISTA DESLIZAMIENTO,1,0,0
2016,6,JUN,RADIOCOMANDO MULTIFUNZIONE SCANRECO RC400/TR02,2,0,0
2016,6,JUN,SEGURO DE ESTABILIZADOR,2,0,0
2016,7,JUL,CARGADOR DE BATERIA ,4,0,0
2016,7,JUL,ELEMENTO DE DISTRIBUIDOR,1,0,0
2016,7,JUL,FILTRO,1,0,0
2016,7,JUL,TUBO RIGIDO,1,0,0
2016,8,AGO,AUTOADHESIVO,40,0,0
2016,8,AGO,BATERIA RECARGABLE 3.6 V.,0,1,0
2016,8,AGO,BATERIA RECARGABLE HETRONIC,1,0,0
2016,8,AGO,BATERIA RECARGABLE PARA ,0,1,0
2016,8,AGO,BATERIA RECARGABLE TIPO ,0,1,0
2016,8,AGO,BOMBA ACODADA HDT 108 LITROS,2,0,0
2016,8,AGO,CASQUILLO,16,0,0
2016,8,AGO,ELECTROVALVULA ,0,1,0
2016,8,AGO,FILTRO DE RETORNO,0,2,0
2016,8,AGO,FILTRO DEL ALTA PRESION,0,5,0
2016,8,AGO,FILTRO PRESION,0,1,0
2016,8,AGO,FILTRO RETORNO,0,7,0
2016,8,AGO,JUEGO DE JUNTAS,1,0,0
2016,8,AGO,KIT BMB. BENT AXIS HDS64 IZQ+RAC. REC,6,0,0
2016,8,AGO,KIT DE MONTAJE 60.3 C.SHAANXI+LUB.,2,0,0
2016,8,AGO,KIT DE MONTAJE OMFB,4,0,0
2016,8,AGO,LENGÜETA DE GANCHO DE GRUA,0,1,0
2016,8,AGO,MANOMETRO INTASAM.FILTRO ART.,0,1,0
2016,8,AGO,MODULE ELECTRICO DISTRIBUIDOR,0,1,0
2016,8,AGO,PERNO,26,0,0
2016,8,AGO,SOPORTE DE TUBERIA,0,2,0
2016,8,AGO,VALVULA DE PROLONGAS,1,0,0
2016,8,AGO,VALVULA DE SECUENCIA,0,1,0
2016,9,SEP,ADAPTADOR DOBLEMANDO,5,0,0
2016,9,SEP,ANTENNA NERA PER RICEVITORE G2 / G2B /G3 / G4,5,0,0
2016,9,SEP,BATERIA RECARGABLE PARA ,0,6,0
2016,9,SEP,BATERIA RECARGABLE TIPO ,0,2,0
2016,9,SEP,BOMBA ACODADA HDT 108 LITROS - ISO,0,1,0
2016,9,SEP,BOMBA ACODADA HDT 84 LITROS - ISO,0,1,0
2016,9,SEP,CAPUCHON,10,0,0
2016,9,SEP,CARGADOR DE BATERIAS SCANRECORD,0,1,0
2016,9,SEP,COLUMNA DE LUCES,2,0,0
2016,9,SEP,DISTRIBUIDOR,5,0,0
2016,9,SEP,ELEMENTO DE DISTRIBUIDOR,2,0,0
2016,9,SEP,ELEMENTO LUMINOSO FISSO GIALLO,2,0,0
2016,9,SEP,ELEMENTO LUMINOSO FISSO ROSSO,2,0,0
2016,9,SEP,FILTRO,8,0,0
2016,9,SEP,FILTRO DE RETORNO,3,1,0
2016,9,SEP,FILTRO DEL ALTA PRESION,0,2,0
2016,9,SEP,FILTRO RETORNO,0,1,0
2016,9,SEP,GUIADORES  1ERA EXTENSION 2N59230,0,29,0
2016,9,SEP,INDICADOR OCLUSION,1,0,0
2016,9,SEP,JUEGO DE JUNTAS,2,0,0
2016,9,SEP,KIT FLANGE KFL 01 - BRIDA,8,0,0
2016,9,SEP,NIVEL DE BURBUJA CODIGO ANTIGUO(8625542),0,3,0
2016,9,SEP,RACORE,11,0,0
2016,9,SEP,RADIOMANDO,1,0,0
2016,9,SEP,RADIOMANDO NOVA XL RC 2744 ,1,0,0
2016,9,SEP,SEAL KIT DE ESTABILIZADOR POSTERIOR,5,0,0
2016,9,SEP,SEGURO GANCHO,6,0,0
2016,9,SEP,SICUREZZA METALLICA PER GANCIO,0,1,0
2016,9,SEP,SOPORTE,10,0,0
2016,9,SEP,TAPON,0,23,0
2016,9,SEP,TAPON DE GUIA ,0,14,0
2016,9,SEP,TRASDUCTOR DE PRESION,5,0,0
2016,9,SEP,VALVULA,4,0,0
2016,9,SEP,VALVULA 1/4´´,0,3,0
2016,9,SEP,VALVULA DE GATO DE APOYO,5,0,0
2016,9,SEP,VALVULA DE PROLONGAS,2,0,0
2016,9,SEP,VALVULA DE SECUENCIA,0,2,0
2016,10,OCT,BATERIA RECARGABLE PARA ,0,3,0
2016,10,OCT,BOMBA ACODADA HDT 84 LTS.,0,1,0
2016,10,OCT,MODULE ELECTRICO DISTRIBUIDOR,0,1,0
2016,10,OCT,RETENES 2DO PISTON DE PROLONGAS,0,1,0
2016,10,OCT,RETENES 3ERO PISTON DE PROLONGAS,0,3,0
2016,10,OCT,RETENES 4TO PISTON DE PROLONGAS,0,2,0
2016,10,OCT,RETENES 5TO PISTON DE PROLONGAS,0,1,0
2016,10,OCT,RETENES PISTON EXTENSION ESTABILIZADOR,0,1,0
2016,10,OCT,SWICHT DE MODO GRUA A MODO ESTABILIZADOR  ,0,1,0
2016,10,OCT,VALVULA,0,1,0
2016,10,OCT,VALVULA DE CONTRABALANCE,0,1,0
2016,10,OCT,VALVULA DE SECUENCIA,0,1,0
2016,10,OCT,VALVULA TAR 100,0,1,0
2016,10,OCT,VISOR INDICADOR DE NIVEL DE ACEITE Y TEMPERATURA,0,1,0
2016,11,NOV,BATTERIA X RADIO SCANRECO RC400,5,0,0
2016,11,NOV,BLOQUE DE CONTRAPRESION,3,0,0
2016,11,NOV,BOTONERA,2,0,0
2016,11,NOV,CASQUILLO,0,8,0
2016,11,NOV,CINTURA A TRACOLLA X RC400 - COD 44512,5,0,0
2016,11,NOV,CINTURA GRANDE A VITA PER RC400 - COD. 44513,5,0,0
2016,11,NOV,FILTRO DE ACEITE DE BAJA PRESION,3,0,0
2016,11,NOV,FILTRO DEL ALTA PRESION,0,1,0
2016,11,NOV,FILTRO RETORNO,0,1,0
2016,11,NOV,GUARDA,0,1,0
2016,11,NOV,JUNTA,0,5,0
2016,11,NOV,KIT CONECTOR,1,0,0
2016,11,NOV,MODULE ELECTRICO DISTRIBUIDOR,0,1,0
2016,11,NOV,MODULO,0,1,0
2016,11,NOV,PALANCAS DE DISTRIBUIDOR,0,4,0
2016,11,NOV,"PERNO 24,5X159",0,4,0
2016,11,NOV,PERNO 75X375,0,2,0
2016,11,NOV,PISTA DESLIZAMIENTO,0,22,0
2016,11,NOV,PULSANTE D´ EMERGENZA PER TX MINI RC400,5,0,0
2016,11,NOV,SWITCH INSTABILE 3P.(1-0-1) X RC400 COMPL. DI PROTEZIONE,5,0,0
2016,11,NOV,TAPON,21,0,0
2016,11,NOV,TAPON SOPORTE,0,2,0
2016,11,NOV,TARJETA CONVERTIDORA ,0,1,0
2016,11,NOV,TUBO RIGIDO,0,2,0
2016,11,NOV,VALVULA,1,0,0
2016,11,NOV,VALVULA OIL CONTROL ,0,1,0
2016,11,NOV,VISOR INDICADOR DE NIVEL DE ACEITE Y TEMPERATURA,0,1,0
2016,11,NOV,ZSUPPORTI INFORM,64,0,0
2016,12,DIC, KIT SOPORTE DE DISTRIBUIDORES,0,1,0
2016,12,DIC,BATERIA RECARGABLE HETRONIC,0,6,0
2016,12,DIC,BATERIA RECARGABLE PARA,0,3,0
2016,12,DIC,BATERIA RECARGABLE PARA ,0,2,0
2016,12,DIC,DISTRIBUIDOR,0,1,0
2016,12,DIC,FILTRO DE ALTA PRESION,0,1,0
2016,12,DIC,FILTRO DE RETORNO,0,3,0
2016,12,DIC,FILTRO DEL ALTA PRESION,0,4,0
2016,12,DIC,FILTRO RETORNO,0,6,0
2016,12,DIC,GUARDA,0,1,0
2016,12,DIC,JUNTA,0,1,0
2016,12,DIC,MODULO,0,1,0
2016,12,DIC,PALANCA L-200,0,2,0
2016,12,DIC,PALANCA L-250,0,4,0
2016,12,DIC,PALANCAS DE DISTRIBUIDOR,0,8,0
2016,12,DIC,POMO ERGONOMICO NEGRO ,0,5,0
2016,12,DIC,PORTAFILTRO DE ALTA PRESION,0,1,0
2016,12,DIC,SWICHT DE MODO GRUA A MODO ESTABILIZADOR  ,0,1,0
2016,12,DIC,TAPON SOPORTE,0,2,0
2016,12,DIC,VISOR INDICADOR DE NIVEL DE ACEITE Y TEMPERATURA,0,1,0
2017,1,ENE,ACOPLAMIENTO,2,0,0
2017,1,ENE,AUTOADHESIVO,2,0,0
2017,1,ENE,BOBINA,2,0,0
2017,1,ENE,BOMBA RECTA DARK 52 LTS.,0,1,0
2017,1,ENE,CAMISA,5,0,0
2017,1,ENE,ELEMENTO LUMINOSO FISSO ROSSO,0,1,0
2017,1,ENE,ENROLLADOR DE CABLE,2,0,0
2017,1,ENE,FILTRO DEL ALTA PRESION,0,1,0
2017,1,ENE,FILTRO PRESION,0,3,0
2017,1,ENE,FILTRO RETORNO,0,2,0
2017,1,ENE,GUIADORES  1ERA EXTENSION 2N59230,0,1,0
2017,1,ENE,JUEGO DE JUNTAS,11,0,0
2017,1,ENE,JUNTA,5,0,0
2017,1,ENE,KIT ATTREZZO GUIDATUBI + FISS,0,1,0
2017,1,ENE,MODULE ELECTRICO DISTRIBUIDOR,0,1,0
2017,1,ENE,MOULO ELLETT.PVEH 157B403700 X,0,2,0
2017,1,ENE,NIVEL DE BURBUJA CODIGO ANTIGUO(8625542),0,1,0
2017,1,ENE,PERNO,1,0,0
2017,1,ENE,PLATOS CUADRADOS 500X500X60 D220,0,4,0
2017,1,ENE,SELECTOR,2,0,0
2017,1,ENE,SENSORE ANGOLARE ART:DPS-A-V-2,0,1,0
2017,1,ENE,SICUREZZA METALLICA PER GANCIO,0,1,0
2017,1,ENE,TAPON,0,12,0
2017,1,ENE,TORNILLO,2,3,0
2017,1,ENE,TUBO RIGIDO,0,1,0
2017,1,ENE,VALVULA,8,0,0
2017,2,FEB,CAPUCHON,5,0,0
2017,2,FEB,CARCASA,1,0,0
2017,2,FEB,CILINDRO,1,0,0
2017,2,FEB,DISTRIBUIDOR,1,0,0
2017,2,FEB,SEPARADOR,4,0,0
2017,2,FEB,TORNILLO,2,0,0
2017,2,FEB,TUBO RIGIDO,1,0,0
2017,2,FEB,TUERCA DE PISTON,5,0,0
2017,3,MAR,ARANDELA,10,0,0
2017,3,MAR,BATERIA RECARGABLE PARA ,0,3,0
2017,3,MAR,BATERIA SCANRECO,0,1,0
2017,3,MAR,CARTER LATO DISTRIBUIDORE A DIS,0,1,0
2017,3,MAR,ENFRIADOR DE ACEITE,1,0,0
2017,3,MAR,JUEGO DE JUNTAS,2,0,0
2017,3,MAR,MICROINTERRUPTOR,1,0,0
2017,3,MAR,PERNO,2,0,0
2017,3,MAR,PISTA DESLIZAMIENTO,8,0,0
2017,3,MAR,PLACA,8,0,0
2017,3,MAR,PORTA FILTRO DE RETORNO,0,1,0
2017,3,MAR,PORTAFILTRO DE ALTA PRESION,0,1,0
2017,3,MAR,RODILLO,1,0,0
2017,3,MAR,SCATOLA PRIMARIA DMU 3000 PLUS,0,1,0
2017,3,MAR,SENSORE ANGOLARE ART:DPS-A-V-2,0,1,0
2017,3,MAR,SEPARADOR,1,0,0
2017,3,MAR,TUBO RIGIDO,4,0,0
2017,3,MAR,VALVULA,1,0,0
2017,3,MAR,VISOR INDICADOR DE NIVEL DE ACEITE Y TEMPERATURA,0,3,0
2017,4,ABR,BATERIA RECARGABLE HETRONIC,0,6,0
2017,4,ABR,CAMISA,1,0,0
2017,4,ABR,CARGADOR DE BATERIAS,0,1,0
2017,4,ABR,FILTRO DE ALTA PRESION,0,1,0
2017,4,ABR,FILTRO DE RETORNO,0,1,0
2017,4,ABR,FILTRO PRESION,0,1,0
2017,4,ABR,FILTRO RETORNO,0,3,0
2017,4,ABR,NIVEL DE BURBUJA CODIGO ANTIGUO(8625542),0,2,0
2017,4,ABR,RADIOMANDO,1,0,0
2017,4,ABR,REENVIO DE CABLE,1,0,0
2017,4,ABR,SEMAFORO / FARO LED DE ,0,1,0
2017,4,ABR,SICUREZZA METALLICA PER GANCIO,0,1,0
2017,4,ABR,VALVULA,3,0,0
2017,4,ABR,VALVULA DE CILINDRO,0,4,0
2017,5,MAY,ANTENA RADIO,0,1,0
2017,5,MAY,BATERIA RECARGABLE TIPO SCANRECO,0,1,0
2017,5,MAY,CABLE DE WINCHE MODELO S19L,0,1,0
2017,5,MAY,CARGADOR DE BATERIA ,0,2,0
2017,5,MAY,ELECTROVALVULA CON BOBINA 24V,0,1,0
2017,5,MAY,ELEMENTO DE DISTRIBUIDOR,2,0,0
2017,5,MAY,ENROLLADOR DE CABLE,0,1,0
2017,5,MAY,FILTRO DE RETORNO,0,2,0
2017,5,MAY,FILTRO DE RETORNO  (CRA230CV1SOL01),0,2,0
2017,5,MAY,FILTRO DEL ALTA PRESION,0,3,0
2017,5,MAY,FILTRO PRESION,0,1,0
2017,5,MAY,FILTRO RETORNO,0,5,0
2017,5,MAY,GANCHO DE CARGO,0,1,0
2017,5,MAY,JUEGO DE JUNTAS,1,0,0
2017,5,MAY,NIVEL DE BURBUJA,0,48,0
2017,5,MAY,PIN DE CABLE,0,1,0
2017,5,MAY,PIN DE GANCHO,0,1,0
2017,5,MAY,PIN DE SOPORTE,0,4,0
2017,5,MAY,RETENES DE BASCULANTES ,0,2,0
2017,5,MAY,SEGURO DE PIN,0,2,0
2017,5,MAY,SEGURO DE PIN - MEDIANO,0,2,0
2017,5,MAY,SEGURO DE PIN - PEQUEÑO,0,8,0
2017,5,MAY,SENSOR ANTIROTURA DE CABLE,0,1,0
2017,5,MAY,SENSORE ANGOLARE ART:DPS-A-V-2,0,1,0
2017,5,MAY,SOPORTE,0,1,0
2017,5,MAY,SOPORTE ,0,1,0
2017,5,MAY,SOPORTE DE BRAZO HIDRAULICO,0,1,0
2017,5,MAY,SOPORTE DE GANCHO,0,1,0
2017,5,MAY,SOPORTE DE PISTON ,0,6,0
2017,5,MAY,SPRING - RESORTE,0,10,0
2017,5,MAY,TARJETA CONVERTIDORA DE ,0,2,0
2017,5,MAY,VALVULA ELEVACION,0,1,0
2017,6,JUN,BATERIA HETRONIC,0,2,0
2017,6,JUN,BATERIA RECARGABLE HETRONIC,0,2,0
2017,6,JUN,BATERIA RECARGABLE PARA ,0,4,0
2017,6,JUN,BOCINA INFERIOR TORNAMESA,0,1,0
2017,6,JUN,BOCINA SUPERIOR TORNAMESA,0,1,0
2017,6,JUN,CADENA 1355,0,1,0
2017,6,JUN,CADENA GRUA 440,0,2,0
2017,6,JUN,CADENA GRUA 855/1355,0,3,0
2017,6,JUN,CADENA GUIA,0,6,0
2017,6,JUN,CANASTILLA ORMET,0,1,0
2017,6,JUN,ENROLLADOR DE CABLE,0,2,0
2017,6,JUN,FILTRO DE RETORNO,0,1,0
2017,6,JUN,FILTRO DE RETORNO ,0,1,0
2017,6,JUN,FILTRO DEL ALTA PRESION,0,1,0
2017,6,JUN,FILTRO PRESION,0,1,0
2017,6,JUN,FILTRO RETORNO,0,9,0
2017,6,JUN,GANCHO DE CARGA DE 8 TN,0,2,0
2017,6,JUN,GANCHO DE CARGO,0,2,0
2017,6,JUN,GUIADOR DE CABLE,0,6,0
2017,6,JUN,KIT BMB. BENT AXIS HDS47 IZQ+RAC. REC,1,0,0
2017,6,JUN,MANO DE OBRA EN TALLER:,0,1,0
2017,6,JUN,MATERIAL DE LIMPIEZA,0,1,0
2017,6,JUN,MOULO ELLETT.PVEH 157B403700 X,0,1,0
2017,6,JUN,PERNO,2,0,0
2017,6,JUN,PIN DE BLOQUE DE 1ER REENVIO,0,4,0
2017,6,JUN,PIN DE CABLE,0,4,0
2017,6,JUN,PIN DE GANCHO,0,2,0
2017,6,JUN,PIN DE SOPORTE,0,6,0
2017,6,JUN,PISTA DESLIZAMIENTO,0,12,0
2017,6,JUN,PLATOS CUADRADOS 500X500X60 D220,0,4,0
2017,6,JUN,PORTA FILTRO DE RETORNO,0,1,0
2017,6,JUN,RAMA ELECTRICA (CON ALIMENTACION AL CABRESTANTE),0,2,0
2017,6,JUN,RETEN DE GIRO,0,1,0
2017,6,JUN,RETENES 1ER PISTON DE PROLONGAS,0,2,0
2017,6,JUN,RETENES 2DO PISTON DE PROLONGAS,0,2,0
2017,6,JUN,RETENES 3ERO PISTON DE PROLONGAS,0,2,0
2017,6,JUN,RETENES DE GATO,0,2,0
2017,6,JUN,RETENES DE GIRO,0,3,0
2017,6,JUN,RETENES PISTON EXTENSION ESTABILIZADOR,0,2,0
2017,6,JUN,SEGURO DE ESTABILIZADOR,0,1,0
2017,6,JUN,SEGURO DE PIN - MEDIANO,0,12,0
2017,6,JUN,SEGURO DE PIN - PEQUEÑO,0,20,0
2017,6,JUN,SENSORE ANGOLARE ART:DPS-A-V-2,0,1,0
2017,6,JUN,SICUREZZA METALLICA PER GANCIO,0,2,0
2017,6,JUN,SOPORTE DE GANCHO,0,4,0
2017,6,JUN,SOPORTE DE GUIADOR,0,6,0
2017,6,JUN,SOPORTE DE TUBERIA,0,24,0
2017,6,JUN,SOPORTE DEL CARRETE,0,2,0
2017,7,JUL,ARANDELA,1,0,0
2017,7,JUL,BOMBA ACODADA HDT 108 LITROS,0,1,0
2017,7,JUL,BRONZ.P,0,4,0
2017,7,JUL,CABLE,16,0,0
2017,7,JUL,CABLE TELECOMANDO CONEC,0,1,0
2017,7,JUL,CILINDRO HIDRAULICO,0,1,0
2017,7,JUL,ELEMENTO DE DISTRIBUIDOR,2,0,0
2017,7,JUL,FILTRO DE PRESION,0,3,0
2017,7,JUL,FILTRO DE RETORNO,0,3,0
2017,7,JUL,FILTRO DE RETORNO ,0,1,0
2017,7,JUL,FILTRO DEL ALTA PRESION,0,2,0
2017,7,JUL,FILTRO PRESION,0,5,0
2017,7,JUL,FILTRO RETORNO,0,10,0
2017,7,JUL,GANCHO DE CARGA,0,1,0
2017,7,JUL,"GANCHO DE CARGA DE 3,2 TN",0,2,0
2017,7,JUL,GANCHO DE CARGA DE 8 TN,0,1,0
2017,7,JUL,GANCHO DE CARGO,0,5,0
2017,7,JUL,GRILLO,0,1,0
2017,7,JUL,JUEGO DE JUNTAS GASKETS SET,0,1,0
2017,7,JUL,JUEGO DE RETENES,0,4,0
2017,7,JUL,JUNTA,4,4,0
2017,7,JUL,NIVEL DE BURBUJA CODIGO ANTIGUO(8625542),0,6,0
2017,7,JUL,PERNO,2,0,0
2017,7,JUL,PISTA DESLIZAMIENTO,0,119,0
2017,7,JUL,PLACA,4,0,0
2017,7,JUL,PLAQUITA,12,0,0
2017,7,JUL,RETENES 1ER PISTON DE PROLONGAS,0,7,0
2017,7,JUL,RETENES 2DO PISTON DE PROLONGAS,0,9,0
2017,7,JUL,RETENES 3ERO PISTON DE PROLONGAS,0,7,0
2017,7,JUL,RETENES 4TO PISTON DE PROLONGAS,0,7,0
2017,7,JUL,RETENES 5TO PISTON DE PROLONGAS,0,3,0
2017,7,JUL,RETENES 6TO PISTON DE PROLONGAS,0,1,0
2017,7,JUL,RETENES DE BASCULANTES ,0,1,0
2017,7,JUL,RETENES DE ELEVACION,0,10,0
2017,7,JUL,RETENES DE ESTABILIZADORES,0,8,0
2017,7,JUL,RETENES DE GATO,0,2,0
2017,7,JUL,RETENES DE GATO ESTABILIZADOR,0,2,0
2017,7,JUL,RETENES DE GIRO,0,24,0
2017,7,JUL,RETENES DEL 3ER PISTON DE PROLONGAS ,0,1,0
2017,7,JUL,RETENES ESTABILIZADOR DELANTERO,0,2,0
2017,7,JUL,RETENES PISTON EXTENSION ESTABILIZADOR,0,15,0
2017,7,JUL,TAPPO DI RIEMPIM.TCO 501 FILTR,0,1,0
2017,7,JUL,VALVULA,1,2,0
2017,7,JUL,VALVULA DE BASCULANTE,0,7,0
2017,7,JUL,VALVULA DE BASCULANTE       ,0,2,0
2017,7,JUL,VALVULA DE ELEVACION,0,3,0
2017,7,JUL,VALVULA DE LEVACION,0,4,0
2017,7,JUL,VALVULA DE PROLONGAS,0,2,0
2017,7,JUL,VALVULA DE RETENCION DEL PISTON DE ELEVACION,0,2,0
2017,7,JUL,VALVULA DE SELECCION DE CAUDAL,0,1,0
2017,7,JUL,VALVULA ELEVACION,0,1,0
2017,7,JUL,VALVULA ESTABILIZADOR DELANTERO,0,14,0
2017,7,JUL,VALVULA ESTABILIZADOR DELANTERO LADO COPILOTO,0,2,0
2017,7,JUL,VALVULA ESTABILIZADOR DELANTERO LADO PILOTO,0,2,0
2017,7,JUL,VALVULA SELECTORA CONTROL,0,1,0
2017,7,JUL,VALVULA TAR 100,0,12,0
2017,7,JUL,VISOR INDICADOR DE NIVEL DE ACEITE Y TEMPERATURA,0,6,0
2017,8,AGO,ADAPTADOR DOBLEMANDO,1,0,0
2017,8,AGO,BOBINA,2,0,0
2017,8,AGO,CARGADOR DE BATERIAS,0,1,0
2017,8,AGO,ELEMENTO DE DISTRIBUIDOR,2,0,0
2017,8,AGO,FILTRO DEL ALTA PRESION,0,1,0
2017,8,AGO,FILTRO PRESION,0,2,0
2017,8,AGO,FILTRO RETORNO,0,3,0
2017,8,AGO,GUARDAPOLVO,30,0,0
2017,8,AGO,JUEGO DE JUNTAS,1,0,0
2017,8,AGO,MODULOI ELLET.PVEO 157B4902 X P ,0,1,0
2017,8,AGO,NIVEL DE BURBUJA CODIGO ANTIGUO(8625542),0,40,0
2017,8,AGO,PERNO,20,0,0
2017,8,AGO,PTO 13K1 NEU UNI + KIT DE,1,0,0
2017,8,AGO,SENSORE ANGOLARE ART:DPS-A-V-2,0,1,0
2017,8,AGO,VALVULA,1,0,0
2017,8,AGO,VALVULA DE PROLONGAS,1,0,0
2017,9,SEP,CARGADOR DE BATERIA ,0,1,0
2017,9,SEP,CARGADOR DE BATERIAS,0,1,0
2017,9,SEP,CARTUCHO,1,0,0
2017,9,SEP,CIRCUITO INTEGRADO GATOS,2,0,0
2017,9,SEP,CONTROL REMOTO HETRONIC,0,1,0
2017,9,SEP,FILTRO,3,0,0
2017,9,SEP,FILTRO DE ALTA PRESION,0,2,0
2017,9,SEP,FILTRO PRESION,0,7,0
2017,9,SEP,FILTRO RETORNO,0,9,0
2017,9,SEP,MANOMETRO INTASAM.FILTRO ART.,1,0,0
2017,9,SEP,MANUALDE PIEZAS Y PARTES,0,1,0
2017,9,SEP,PORTA FILTRO DE RETORNO,0,1,0
2017,9,SEP,RADIOMANDO,1,0,0
2017,9,SEP,SENSORE ANGOLARE ART:DPS-A-V-2,0,4,0
2017,9,SEP,TARJETA CONVERTIDORA DE ,0,2,0
2017,9,SEP,TUERCA DE PISTON,0,4,0
2017,10,OCT,BATERIA HETRONIC,0,8,0
2017,10,OCT,BATERIA RECARGABLE PARA,0,8,0
2017,10,OCT,BOMBA ACODADA HDT 84 LTS.,0,1,0
2017,10,OCT,CABLE,1,0,0
2017,10,OCT,CAMISA,1,0,0
2017,10,OCT,CARTUCCIA FILTRO A.P.,0,2,0
2017,10,OCT,DISCO,1,0,0
2017,10,OCT,DISTRIBUIDOR,1,0,0
2017,10,OCT,FILTRO,8,0,0
2017,10,OCT,FILTRO ARIA MOTORE LOMBARDINI,2,2,0
2017,10,OCT,FILTRO DE RETORNO,0,1,0
2017,10,OCT,FILTRO DEL ALTA PRESION,0,2,0
2017,10,OCT,FILTRO GASOLIO MOTORE LOMBARDINI,2,2,0
2017,10,OCT,FILTRO OLIO MOTORE LOMBARDINI,0,2,0
2017,10,OCT,FILTRO PRESION,0,1,0
2017,10,OCT,FILTRO RETORNO,0,3,0
2017,10,OCT,HOROMETRO ,0,1,0
2017,10,OCT,INTERCAMBIADOR,0,1,0
2017,10,OCT,JUEGO DE RETENES DE LA 1RA PROL,0,1,0
2017,10,OCT,JUEGO DE RETENES DE LA 2DA PROL,0,1,0
2017,10,OCT,JUEGO DE RETENES DE LA 3RA PROL,0,1,0
2017,10,OCT,JUEGO DE RETENES DE LA 6TA PROL ,0,1,0
2017,10,OCT,KIT MATERIALE A CORREDO STAB.,0,1,0
2017,10,OCT,MANOMETRO INTASAM.FILTRO ART.,0,2,0
2017,10,OCT,MANUAL VIRTUAL  DE OPERADOR,0,1,0
2017,10,OCT,MANUALDE PIEZAS Y PARTES,0,1,0
2017,10,OCT,MOULO ELLETT.PVEH 157B403700 X,0,1,0
2017,10,OCT,SEAL KIT,4,0,0
2017,10,OCT,TAPON,3,0,0
2017,10,OCT,TERMOSTATO,0,1,0
2017,10,OCT,VALVULA DE BASCULANTE       ,0,1,0
2017,10,OCT,VALVULA DE PROLONGAS,0,1,0
2017,10,OCT,VENTILADOR ELECTRICO,0,1,0
2017,10,OCT,VISOR INDICADOR DE NIVEL DE ACEITE Y TEMPERATURA,0,1,0
2017,11,NOV,BATERIA HETRONIC,0,2,0
2017,11,NOV,BATERIA RECARGABLE PARA,0,6,0
2017,11,NOV,BOMBA HIDRAULICA RECTA HDS 64 LITROS,0,1,0
2017,11,NOV,CANASTILLA ORMET,0,2,0
2017,11,NOV,DISTRIBUIDOR,0,2,0
2017,11,NOV,FILTRO DEL ALTA PRESION,0,2,0
2017,11,NOV,FILTRO PRESION,0,1,0
2017,11,NOV,FILTRO RETORNO,0,3,0
2017,11,NOV,GUARDAPOLVO,0,2,0
2017,11,NOV,GUIA DE ACERO DE 1° PROLONGA,0,2,0
2017,11,NOV,GUIA DE ACERO DE 2° PROLONGA,0,2,0
2017,11,NOV,GUIA DE ACERO DE 3° PROLONGA,0,2,0
2017,11,NOV,MANOMETRO INTASAM.FILTRO ART.,0,1,0
2017,11,NOV,MODULE ELECTRICO DISTRIBUIDOR,0,2,0
2017,11,NOV,PALANCA MANDO,0,2,0
2017,11,NOV,PALANCAS DE DISTRIBUIDOR,0,8,0
2017,11,NOV,PISTA DESLIZAMIENTO,0,8,0
2017,11,NOV,POMO,0,10,0
2017,11,NOV,POMO ERGONOMICO NEGRO ,0,10,0
2017,11,NOV,POTENCIOMETRO HETRONIC,0,8,0
2017,11,NOV,RACORE,0,1,0
2017,11,NOV,RADIOMANDO NOVA XL RC 2744 ,1,0,0
2017,11,NOV,SEGURO DE PIN - MEDIANO,0,2,0
2017,11,NOV,SEGURO DE PIN - PEQUEÑO,0,2,0
2017,11,NOV,SEGUROS,0,64,0
2017,11,NOV,TANQUE DE ACEITE HIDRAULICO,0,1,0
2017,11,NOV,TANQUE SERBATOIO OLIO COMPLETO,0,1,0
2017,11,NOV,TAPON,0,8,0
2017,11,NOV,TAPPO DI RIEMPIM.TCO 501 FILTR,0,2,0
2017,11,NOV,TUBO RIGIDO,0,1,0
2017,11,NOV,TUERCA,0,30,0
2017,11,NOV,TUERCA SEGURO DE NYLON,0,19,0
2017,11,NOV,VISOR INDICADOR DE NIVEL DE ACEITE Y TEMPERATURA,0,1,0
2017,12,DIC,2 BOTONES NEGRO + MARCO,0,2,0
2017,12,DIC,BATERIA HETRONIC,0,4,0
2017,12,DIC,BATERIA RECARGABLE PARA,0,3,0
2017,12,DIC,BOTON NEGRO (SIN MARCO),0,2,0
2017,12,DIC,CARGADOR DE BATERIAS,0,1,0
2017,12,DIC,FILTRO DE PRESION,0,2,2
2017,12,DIC,FILTRO DE RETORNO  (CRA230CV1SOL01),0,1,0
2017,12,DIC,FILTRO DE RETORNO CRE150CD1,0,2,2
2017,12,DIC,FILTRO DEL ALTA PRESION,0,1,0
2017,12,DIC,FILTRO PRESION,0,1,0
2017,12,DIC,FILTRO RETORNO,0,1,0
2017,12,DIC,GUARDAPOLVO,0,0,1
2017,12,DIC,HOROMETRO ,0,2,0
2017,12,DIC,LLAVE NEGRA DE OPERACION,0,2,0
2017,12,DIC,MANUAL DE PIEZAS Y PARTES,0,1,0
2017,12,DIC,NIVEL DE BURBUJA CODIGO ANTIGUO(8625542),0,2,0
2017,12,DIC,PLATO DE APOYO 500X500X60,0,4,0
2017,12,DIC,PLATO DE APOYO 600X600X60,0,4,0
2017,12,DIC,PORTA BOLLA X COM.ALTO A DIS.,0,2,0
2017,12,DIC,RACORE,4,0,0
2017,12,DIC,TANQUE SERBATOIO OLIO COMPLETO,0,0,1
2017,12,DIC,TAPON,2,0,0
2017,12,DIC,TUBO RIGIDO,4,0,0
2017,12,DIC,TUERCA,30,0,0
2017,12,DIC,TUERCA SEGURO DE NYLON,0,0,15
2017,12,DIC,VALVULA,2,0,0
2017,12,DIC,VENTILADOR ELECTRICO,1,0,0
2018,1,ENE,BATERIA HETRONIC,0,0,1
2018,1,ENE,BATERIA RECARGABLE PARA,0,9,3
2018,1,ENE,BOTON PULSADOR HS2210 HETRONIC,3,0,1
2018,1,ENE,CARGADOR DE BATERIAS,0,1,0
2018,1,ENE,CHAPA DE ARRANQUE HS4600 HETRONIC,2,0,0
2018,1,ENE,ENFRIADOR DE ACEITE,0,1,0
2018,1,ENE,FILTRO DE RETORNO,0,1,0
2018,1,ENE,FILTRO DE RETORNO ,0,1,0
2018,1,ENE,FILTRO DEL ALTA PRESION,0,6,2
2018,1,ENE,FILTRO RETORNO,0,6,2
2018,1,ENE,INTERRUPTOR ELECTRONICO ,2,0,0
2018,1,ENE,INTERRUPTOR HS0604 HETRONIC,2,0,0
2018,1,ENE,KIT DE MONTAJE OMFB,4,0,0
2018,1,ENE,MANOMETRO INTASAM.FILTRO ART.,0,2,0
2018,1,ENE,MANUAL DE PIEZAS Y PARTES,0,2,0
2018,1,ENE,MARCO-DOBLE HS5520 HETRONIC,4,0,1
2018,1,ENE,MODULO DE ENCENDIDO Y APAGADO DE GRUA ,0,4,0
2018,1,ENE,MOULO ELLETT.PVEH 157B403700 X,0,3,0
2018,1,ENE,PARADA DE EMERGENCIA HS1055 DECA,2,0,0
2018,1,ENE,PERILLA DE ENCENDIDO HS2210 HETRONIC,2,0,1
2018,1,ENE,PERRILLA DE MANDO,4,0,0
2018,1,ENE,RADIOMANDO,1,0,0
2018,1,ENE,SICUREZZA METALLICA PER GANCIO,0,1,0
2018,1,ENE,SIRENA-BUZZER DMU,0,2,0
2018,1,ENE,SPRING - RESORTE,0,40,0
2018,1,ENE,SWICHT DE MODO GRUA A MODO ESTABILIZADOR  ,0,2,0
2018,1,ENE,TAPON,0,8,0
2018,1,ENE,TAPPO DI RIEMPIM.TCO 501 FILTR,0,2,0
2018,1,ENE,TUBO RIGIDO,0,6,0
2018,1,ENE,VALVULA DE RETENCION DEL PISTON DE ELEVACION,0,1,0
2018,1,ENE,VALVULA TAR 100,0,1,0
2018,1,ENE,VISOR INDICADOR DE NIVEL DE ACEITE Y TEMPERATURA,0,2,0
2018,2,FEB,ADAPTADOR DOBLEMANDO,1,0,0
2018,2,FEB,ASTA DOPPI COMANDI L.1432 M 8-,0,3,0
2018,2,FEB,CAPACITACION DE OPERADOR,1,2,0
2018,2,FEB,CARTER LATO DISTRIBUTORE X HC-,0,3,0
2018,2,FEB,CIRCUITO INTEGRADO GATOS,7,0,0
2018,2,FEB,CONTRASTO MICRO ZINC. A DIS.,0,9,0
2018,2,FEB,ELECTROVALVULA,0,0,1
2018,2,FEB,ELEMENTO DE DISTRIBUIDOR,1,0,0
2018,2,FEB,ENFRIADOR DE ACEITE,0,0,1
2018,2,FEB,FILTRO,2,0,0
2018,2,FEB,FILTRO ARIA MOTORE LOMBARDINI,2,0,0
2018,2,FEB,FILTRO DE RETORNO,0,2,0
2018,2,FEB,FILTRO DE RETORNO  (CRA230CV1SOL01),0,2,0
2018,2,FEB,FILTRO PRESION,0,1,1
2018,2,FEB,FILTRO RETORNO,0,1,1
2018,2,FEB,GRANO PC M 5X10-5927-14.9-ZINC [ * ],0,8,0
2018,2,FEB,INDICADOR OCLUSION,2,0,0
2018,2,FEB,KIT ELETYTROVAL.2 VIE 24 VOLT,0,1,0
2018,2,FEB,LENGÜETA DE GANCHO DE ,0,2,1
2018,2,FEB,MANOMETRO INTASAM.FILTRO ART.,10,1,0
2018,2,FEB,MANUAL DE PIEZAS Y PARTES,0,1,0
2018,2,FEB,MOULO ELLETT.PVEH 157B403700 X,0,1,0
2018,2,FEB,NIVEL DE BURBUJA CODIGO ANTIGUO(8625542),0,1,0
2018,2,FEB,PERNO,20,0,0
2018,2,FEB,PLATO DE APOYO 400X400X50 - E350,0,1,0
2018,2,FEB,PLATOS CUADRADOS 400X400X50,0,4,0
2018,2,FEB,PROTEZIONE LEVE LATO DISTRIB. *,0,3,0
2018,2,FEB,RACORE,0,34,0
2018,2,FEB,RONDELLA DI FINITURA D.8*MP07-,0,14,0
2018,2,FEB,SEGURO GANCHO,5,0,0
2018,2,FEB,SENSORE ANGOLARE ART:DPS-A-V-2,0,1,0
2018,2,FEB,SICUREZZA METALLICA PER GANCI0,0,1,0
2018,2,FEB,SICUREZZA METALLICA PER GANCIO,0,1,0
2018,2,FEB,SOPORTE,0,3,0
2018,2,FEB,SOPORTE DE NIVEL,0,2,0
2018,2,FEB,SUPP.TAMPONI APPOGGIO MART.SFI,0,4,0
2018,2,FEB,TAPON,9,4,4
2018,2,FEB,TAPON SOPORTE,0,5,0
2018,2,FEB,TAPPO GPN 915/35 NERO,0,4,0
2018,2,FEB,TORNILLO,192,0,0
2018,2,FEB,TORNILLO - VTSPEI M 8X25 -5933-10.9 ZINCA,0,14,0
2018,2,FEB,TORNILLO -VTCEI M 8X40 -5931-8.8-ZINCATA,0,9,0
2018,2,FEB,TORNILLO VTCEI M8X30,0,3,0
2018,2,FEB,TRASDUCTOR DE PRESION,0,2,2
2018,2,FEB,TUBO FLEXIBLE,6,5,4
2018,2,FEB,TUBO RIGIDO,0,6,0
2018,2,FEB,TUERCA,45,18,0
2018,2,FEB,TUERCA SEGURO DE NYLON,0,6,0
2018,2,FEB,VALVULA,3,0,0
2018,2,FEB,VALVULA DE BASCULANTE,0,3,0
2018,2,FEB,VALVULA DE BASCULANTE       ,3,0,0
2018,2,FEB,VALVULA DE CILINDRO,0,4,0
2018,2,FEB,VALVULA DE PROLONGAS,0,3,0
2018,2,FEB,VALVULA DE RETENCION DEL PISTON DE ELEVACION,0,2,1
2018,2,FEB,VARILLA,0,3,0
2018,2,FEB,VTCEI M 8X30 -5931-8.8-ZINCATA,0,6,0
2018,2,FEB,WASHER(VOLANDAS DE SUJECION DE VALVULA DE CONTRABALANCE),0,9,0
2018,3,MAR,1 EXTENSION,3,0,0
2018,3,MAR,"ARANDELA -ROND.ELAST.D 8,4-1751-BIANCO-R",0,3,0
2018,3,MAR,ASTA DOPPI COMANDI L.1432 M 8-,0,3,0
2018,3,MAR,BATERIA RECARGABLE PARA,0,3,0
2018,3,MAR,BATERIA SCANRECO,0,2,0
2018,3,MAR,CAJA GESTION GATOS,1,0,0
2018,3,MAR,CAÑERIA DE GATO DE APOYO - PIPE 15*2,0,2,0
2018,3,MAR,CAÑERIA DE GATO DE APOYO - PIPE 15*2 SPECIAL FOR DOUBLE ACT. VALVES,0,2,2
2018,3,MAR,CARCASA,1,0,0
2018,3,MAR,"CARICABATTERIA 10-30 VDC ""VELOCE""",0,1,0
2018,3,MAR,CARTER LATO DISTRIBUTORE X HC-,0,3,0
2018,3,MAR,COJINETE,5,0,0
2018,3,MAR,CONTRASTO MICRO ZINC. A DIS.,0,9,0
2018,3,MAR,DISCO,1,0,0
2018,3,MAR,DISTRIBUIDOR,2,0,0
2018,3,MAR,ELECTROVALVULA,8,0,0
2018,3,MAR,ENGARGOLADO,1,0,0
2018,3,MAR,FILTRO DE RETORNO,0,1,0
2018,3,MAR,FILTRO DEL ALTA PRESION,0,1,2
2018,3,MAR,FILTRO PRESION,0,1,1
2018,3,MAR,FILTRO RETORNO,0,2,1
2018,3,MAR,GRANO PC M 5X10-5927-14.9-ZINC [ * ],0,12,0
2018,3,MAR,JUEGO BOBINA,1,0,0
2018,3,MAR,JUNTA,0,6,0
2018,3,MAR,MANGUERA L.700,0,2,0
2018,3,MAR,MANUAL DE PIEZAS Y PARTES 850/6S-121989,0,13,0
2018,3,MAR,MOULO ELLETT.PVEH 157B403700 X,0,1,0
2018,3,MAR,PERRILLA DE MANDO,0,1,0
2018,3,MAR,PROTEZIONE LEVE LATO DISTRIB. *,1,3,0
2018,3,MAR,RACORE,50,42,0
2018,3,MAR,RECOGETUBO,2,0,0
2018,3,MAR,RONDELLA DI FINITURA D.8*MP07-,0,21,7
2018,3,MAR,SEPARADOR,1,0,0
2018,3,MAR,SICUREZZA METALLICA PER GANCIO,0,1,0
2018,3,MAR,SOPORTE,1,3,0
2018,3,MAR,SOPORTE DE NIVEL,0,3,0
2018,3,MAR,SUPP.TAMPONI APPOGGIO MART.SFI,0,3,0
2018,3,MAR,SWICHT DE MODO GRUA A MODO ESTABILIZADOR  ,0,0,1
2018,3,MAR,TAPON SOPORTE,0,6,0
2018,3,MAR,TAPPO GPN 915/35 NERO,0,6,0
2018,3,MAR,TORNILLO,32,1,1
2018,3,MAR,TORNILLO - VTSPEI M 8X25 -5933-10.9 ZINCA,0,21,0
2018,3,MAR,TORNILLO -VTCEI M 8X40 -5931-8.8-ZINCATA,0,9,3
2018,3,MAR,TUBO FLEXIBLE,0,2,0
2018,3,MAR,"TUBO RIG.D 12X1,5 L 1311-6C.-B",0,1,0
2018,3,MAR,"TUBO RIG.D 12X1,5 L 1982-8C.-B",0,1,0
2018,3,MAR,TUBO RIGIDO,4,7,0
2018,3,MAR,TUERCA,0,33,0
2018,3,MAR,TUERCA - DADO AUTOBLOC. M 10 -7473-1,0,2,0
2018,3,MAR,TUERCA SEGURO DE NYLON,0,4,2
2018,3,MAR,VAINA,1,0,0
2018,3,MAR,VALV. FX57208L02 BLOCCO 2° BRAC,0,1,0
2018,3,MAR,VALV. FX57208L03 BLOCCO SFILI,0,1,0
2018,3,MAR,VALVULA DE BASCULANTE,0,2,1
2018,3,MAR,VALVULA DE GATO DE APOYO,0,2,0
2018,3,MAR,VALVULA DE PROLONGAS,0,2,1
2018,3,MAR,VALVULA ESTABILIZADOR DELANTERO,0,6,0
2018,3,MAR,VALVULA HIDRAULICA,1,0,0
2018,3,MAR,VALVULA TAR 100,0,0,1
2018,3,MAR,VARILLA,0,3,0
2018,3,MAR,VTCEI M 8X30 -5931-8.8-ZINCATA,0,9,3
2018,3,MAR,WASHER(VOLANDAS DE SUJECION DE VALVULA DE CONTRABALANCE),0,6,3
2018,4,ABR,ASTA DOPPI COMANDI L.1432 M 8-,0,0,1
2018,4,ABR,BATERIA RECARGABLE PARA,0,1,2
2018,4,ABR,BATERIA SCANRECO,0,1,0
2018,4,ABR,BLOQUE DE TUBO,10,0,0
2018,4,ABR,BOBINA,4,0,0
2018,4,ABR,BOLA,10,0,0
2018,4,ABR,CABLE ELECTRICO P/WINCHE,0,1,0
2018,4,ABR,CADENA GUIA,0,4,0
2018,4,ABR,CAPACITACION DE OPERADOR,0,5,0
2018,4,ABR,CARGADOR DE BATERIAS,0,1,0
2018,4,ABR,"CARICABATTERIA 10-30 VDC ""VELOCE""",0,1,0
2018,4,ABR,CARTER LATO DISTRIBUTORE X HC-,0,0,1
2018,4,ABR,CILINDRO,0,8,0
2018,4,ABR,CILINDRO DE LEVANTE,0,4,0
2018,4,ABR,CILINDRO HIDRAULICO,0,2,0
2018,4,ABR,CONTRASTO MICRO ZINC. A DIS.,0,0,3
2018,4,ABR,DISTRIBUIDOR,0,1,0
2018,4,ABR,ELEMENTO DE DISTRIBUIDOR,4,0,0
2018,4,ABR,"ELETTROVAL.LUEN 24V 3/8""300BAR",0,0,2
2018,4,ABR,FILTRO DE RETORNO,0,7,1
2018,4,ABR,FILTRO DE RETORNO ,0,2,0
2018,4,ABR,FILTRO DEL ALTA PRESION,0,4,0
2018,4,ABR,FILTRO PRESION,0,6,0
2018,4,ABR,FILTRO PRINCIPAL,0,2,0
2018,4,ABR,FILTRO RETORNO,0,17,1
2018,4,ABR,GUIA,0,20,0
2018,4,ABR,GUIA ,0,4,0
2018,4,ABR,JUNTA,0,8,2
2018,4,ABR,MANUAL DE OPERACION,0,2,0
2018,4,ABR,MANUAL DE OPERACION Y MANTENIMIENTO,0,10,0
2018,4,ABR,MANUAL DE OPERACION Y MANTENIMIENTO 65,0,1,0
2018,4,ABR,MANUAL DE PIEZAS Y PARTES,0,1,0
2018,4,ABR,MANUAL DE PIEZAS Y PARTES 100/4S-100024276,0,1,0
2018,4,ABR,MANUAL DE PIEZAS Y PARTES 150/3S-122887,0,1,0
2018,4,ABR,MANUAL DE PIEZAS Y PARTES 305C/3S-100023840,0,1,0
2018,4,ABR,MANUAL DE PIEZAS Y PARTES 35/3S-122765,0,1,0
2018,4,ABR,MANUAL DE PIEZAS Y PARTES 350/5S-119564,0,1,0
2018,4,ABR,MANUAL DE PIEZAS Y PARTES 440/5S-120088,0,2,0
2018,4,ABR,MANUAL DE PIEZAS Y PARTES 455/6S-100023980,0,1,0
2018,4,ABR,MANUAL DE PIEZAS Y PARTES 65,0,1,0
2018,4,ABR,MANUAL DE PIEZAS Y PARTES 850/6S-121989,0,1,0
2018,4,ABR,MANUAL DE PIEZAS Y PARTES 855/6S-100025143,0,2,0
2018,4,ABR,MOULO ELLETT.PVEH 157B403700 X,0,1,1
2018,4,ABR,PALANCA MANDO,0,1,0
2018,4,ABR,PALANCAS DE DISTRIBUIDOR,0,4,0
2018,4,ABR,PIN,0,8,0
2018,4,ABR,PISTA DESLIZAMIENTO,0,18,0
2018,4,ABR,POMO,0,5,0
2018,4,ABR,POMO ERGONOMICO NEGRO ,0,5,0
2018,4,ABR,PROTEZIONE LEVE LATO DISTRIB. *,0,0,1
2018,4,ABR,RACORE,0,24,44
2018,4,ABR,REMACHE PLASTICO,0,24,0
2018,4,ABR,SCAT.PRINCIPALE GESTIONE STAB,0,0,1
2018,4,ABR,SEGURO M8 X 12,0,8,0
2018,4,ABR,SENSOR DE PROXIMIDAD - PROXIMITY,0,8,0
2018,4,ABR,SENSOR DE TEMPERATURA,0,4,0
2018,4,ABR,SICUREZZA METALLICA PER GANCIO,0,1,0
2018,4,ABR,SOPORTE,0,0,1
2018,4,ABR,STICKER,0,1,0
2018,4,ABR,SUPP.TAMPONI APPOGGIO MART.SFI,0,0,1
2018,4,ABR,SWICHT FINAL DE CARRERA,0,4,0
2018,4,ABR,TAPON SOPORTE,0,0,2
2018,4,ABR,TAPPO DI RIEMPIM.TCO 501 FILTR,0,3,1
2018,4,ABR,TAPPO GPN 915/35 NERO,0,0,2
2018,4,ABR,TARJETA CONVERTIDORA DE ,0,1,1
2018,4,ABR,TERMOMETRO DE TANQUE,0,2,0
2018,4,ABR,TESTA CON PULSANTE LATERALE C/ ROTELLA IN ACC.VERT,0,2,0
2018,4,ABR,TORNILLO,0,40,7
2018,4,ABR,TUBO FLEXIBLE,4,16,4
2018,4,ABR,TUBO RIGIDO,0,8,1
2018,4,ABR,TUERCA,0,24,11
2018,4,ABR,VALVULA,0,1,8
2018,4,ABR,VALVULA DE CILINDRO,0,7,2
2018,4,ABR,VALVULA DE GATO DE APOYO,0,0,2
2018,4,ABR,VALVULA ESTABILIZADOR DELANTERO,0,0,2
2018,4,ABR,VALVULA HIDRAULICA,2,0,0
2018,4,ABR,VALVULA P/ ESTABILIZADORES POSTERIORES 210 1 EMOK 43664 - DERECHA,2,0,0
2018,4,ABR,VARILLA,0,0,1
2018,4,ABR,VENTILADOR ELECTRICO,0,2,0
2018,5,MAY,BATERIA SCANRECO,0,1,0
2018,5,MAY,CADENA GUIA,0,2,0
2018,5,MAY,CARGADOR DE BATERIAS,0,1,0
2018,5,MAY,CASQUILLO,10,0,0
2018,5,MAY,CILINDRO DE LEVANTE,0,2,0
2018,5,MAY,CILINDRO HIDRAULICO,0,2,0
2018,5,MAY,CIRCUITO INTEGRADO GATOS,2,0,0
2018,5,MAY,DISTRIBUIDOR,0,2,0
2018,5,MAY,FILTRO DE RETORNO,0,1,2
2018,5,MAY,FILTRO DEL ALTA PRESION,0,2,0
2018,5,MAY,FILTRO PRINCIPAL,0,1,0
2018,5,MAY,FILTRO RETORNO,0,3,3
2018,5,MAY,"GANCHO DE CARGA DE 3,2 TN",0,2,0
2018,5,MAY,GRUA HIDRAULICA ARTICULADA EFFER 100/3S- SERIE 100028766,1,0,0
2018,5,MAY,GRUA HIDRAULICA ARTICULADA EFFER 150/3S-100027063,2,0,0
2018,5,MAY,GRUA HIDRAULICA ARTICULADA EFFER 65/3S- SERIE 100028767,1,0,0
2018,5,MAY,GRUA HIDRAULICA ARTICULADA EFFER 655/8S- SERIE 100028547,1,0,0
2018,5,MAY,GUIA,0,10,0
2018,5,MAY,GUIA ,0,2,0
2018,5,MAY,JUEGO RETENES,10,0,0
2018,5,MAY,KIT BMB. BENT AXIS HDS64 IZQ+RAC. REC,4,0,0
2018,5,MAY,KIT DE MONTAJE 60.3 C.SHAANXI+LUB.,2,0,0
2018,5,MAY,KIT MATER.ELETTR. X VERRIC. S1,2,0,0
2018,5,MAY,KIT PMP. BENT AXIS HDT108S+GOLD 45°,0,1,1
2018,5,MAY,KIT TRASF.XV.S19+T.R.2T.XMB+LI,5,0,0
2018,5,MAY,MANDO NEUMATICO DE ENCROCHE,0,1,0
2018,5,MAY,MANO DE OBRA EN TALLER:,2,0,0
2018,5,MAY,MANUAL DE PIEZAS Y PARTES 100/4S-100024276,0,1,0
2018,5,MAY,MANUAL DE PIEZAS Y PARTES 150/3S-122887,0,1,0
2018,5,MAY,MANUAL DE PIEZAS Y PARTES 305C/3S-100023840,0,1,0
2018,5,MAY,MANUAL DE PIEZAS Y PARTES 35/3S-122765,0,1,0
2018,5,MAY,MANUAL DE PIEZAS Y PARTES 440/5S-120088,0,1,0
2018,5,MAY,MANUAL DE PIEZAS Y PARTES 455/6S-100023980,0,1,0
2018,5,MAY,MANUAL DE PIEZAS Y PARTES 850/6S-121989,0,1,0
2018,5,MAY,MANUAL DE PIEZAS Y PARTES 855/6S-100025143,0,1,0
2018,5,MAY,MANUAL VIRTUAL  DE OPERADOR,0,1,0
2018,5,MAY,MOULO ELLETT.PVEH 157B403700 X,0,1,0
2018,5,MAY,PALANCA MANDO,0,1,0
2018,5,MAY,PALANCAS DE DISTRIBUIDOR,0,5,0
2018,5,MAY,PERNOS DE SUJECION DE PLATAFORMAS DE APOYO,2,0,0
2018,5,MAY,PERRILLA DE MANDO,0,1,0
2018,5,MAY,PIN DE GANCHO DE CARGA,0,2,0
2018,5,MAY,PISTA DESLIZAMIENTO,10,12,0
2018,5,MAY,POMO,0,5,0
2018,5,MAY,POMO ERGONOMICO NEGRO ,0,6,0
2018,5,MAY,RACORE,0,4,0
2018,5,MAY,RADIOCOMANDO MULTIFUNZIONE SCANRECO RC400/TR02,5,0,0
2018,5,MAY,REMACHE PLASTICO,0,12,0
2018,5,MAY,SEGURO BULON,3,0,0
2018,5,MAY,SEGURO DE ESTABILIZADOR,5,0,0
2018,5,MAY,SEGURO DE PIN - MEDIANO,0,4,0
2018,5,MAY,SEMAFORO / FARO LED DE ,0,1,0
2018,5,MAY,SENSOR DE PROXIMIDAD - PROXIMITY,0,4,0
2018,5,MAY,SENSOR DE TEMPERATURA,0,2,0
2018,5,MAY,SEPARADOR,0,2,0
2018,5,MAY,SIRENA-BUZZER DMU,0,1,0
2018,5,MAY,STICKER,0,1,0
2018,5,MAY,SWICHT FINAL DE CARRERA,0,2,0
2018,5,MAY,TAPON,0,8,8
2018,5,MAY,TERMOMETRO DE TANQUE,0,2,0
2018,5,MAY,TORNILLO,0,23,0
2018,5,MAY,TUBO FLEXIBLE,0,8,0
2018,5,MAY,TUERCA,0,4,0
2018,5,MAY,TUERCA DE PISTON,0,8,8
2018,5,MAY,VALVULA,2,2,0
2018,5,MAY,VALVULA DOBLE EFECTO,2,0,0
2018,5,MAY,VALVULA TAR 100,0,0,2
2018,6,JUN,5 EXTENSION,1,0,0
2018,6,JUN,BATERIA HETRONIC,0,0,1
2018,6,JUN,BOMBA HIDRAULICA RECTA HDS 64 LITROS,0,1,0
2018,6,JUN,CAPUCHON,5,0,0
2018,6,JUN,CARGADOR DE BATERIA ,0,1,0
2018,6,JUN,CARGADOR DE BATERIAS,0,1,1
2018,6,JUN,DISTRIBUIDOR,1,0,0
2018,6,JUN,GANCHO,2,0,0
2018,6,JUN,"GANCHO DE CARGA DE 3,2 TN",0,0,1
2018,6,JUN,IMAN,2,0,0
2018,6,JUN,KIT BMB. BENT AXIS HDS64 IZQ+RAC. REC,0,0,1
2018,6,JUN,MANOMETRO DE TANQUE,0,2,1
2018,6,JUN,MOULO ELLETT.PVEH 157B403700 X,0,4,0
2018,6,JUN,PERNO,2,0,0
2018,6,JUN,PIN DE GANCHO DE CARGA,0,0,1
2018,6,JUN,PISTA DESLIZAMIENTO,10,0,0
2018,6,JUN,PLATO DE APOYO 300X300X30 - E65 A 100,0,2,0
2018,6,JUN,PLATO DE APOYO 400X400X50 - E350,0,2,0
2018,6,JUN,PLATO DE APOYO 600X600X60 - E655 - 1355,0,6,0
2018,6,JUN,PLATOS CUADRADOS 500X500X60 D220,0,6,0
2018,6,JUN,POTENCIOMETRO HETRONIC,0,2,0
2018,6,JUN,RACORE,5,0,0
2018,6,JUN,SEAL KIT DE ESTABILIZADOR POSTERIOR,0,2,2
2018,6,JUN,SEGURO DE PIN - MEDIANO,0,0,2
2018,6,JUN,SEGURO GANCHO,0,0,2
2018,6,JUN,SENSORE ANGOLARE ART:DPS-A-V-2,0,2,1
2018,6,JUN,SEPARADOR,0,0,1
2018,6,JUN,SICUREZZA METALLICA PER GANCIO,0,3,3
2018,6,JUN,TAPON,3,0,0
2018,6,JUN,TAPPO DI RIEMPIM.TCO 501 FILTR,0,1,0
2018,6,JUN,TERMOMETRO DE TANQUE,0,0,1
2018,6,JUN,TORNILLO,10,0,0
2018,6,JUN,TRASDUCTOR DE PRESION,2,0,0
2018,6,JUN,TUBO RIGIDO,1,0,0
2018,6,JUN,TUERCA DE PISTON,5,0,0
2018,6,JUN,VALVULA,5,0,0
2018,6,JUN,VARILLA,2,0,0
2018,7,JUL,BATERIA RECARGABLE HETRONIC,10,0,0
2018,7,JUL,BATERIA RECARGABLE PARA,0,2,0
2018,7,JUL,BATERIA SCANRECO,0,2,2
2018,7,JUL,BOMBA ACODADA HDT 108 LITROS,0,1,0
2018,7,JUL,CABLE DE BLOQUE GIRATORIO ELECTRICO DE COLUMNA ,0,1,0
2018,7,JUL,CILINDRO DE EXTENSION ,0,1,0
2018,7,JUL,CILINDRO HIDRAULICO,0,0,2
2018,7,JUL,DISTRIBUIDOR,2,0,2
2018,7,JUL,FILTRO DEL ALTA PRESION,0,1,1
2018,7,JUL,FILTRO RETORNO,0,1,1
2018,7,JUL,GANCHO DE CARGA DE 8 TN,0,1,0
2018,7,JUL,MANO DE OBRA EN TALLER:,1,0,0
2018,7,JUL,MANUAL DE OPERACION Y MANTENIMIENTO,0,2,0
2018,7,JUL,MANUAL DE PIEZAS Y PARTES 850/6S-121989,0,2,0
2018,7,JUL,MOULO ELLETT.PVEH 157B403700 X,0,1,1
2018,7,JUL,PALANCA MANDO,0,0,1
2018,7,JUL,PALANCAS,2,0,0
2018,7,JUL,PALANCAS DE DISTRIBUIDOR,0,0,4
2018,7,JUL,PERNOS DE SUJECION DE PLATAFORMAS DE APOYO,2,0,0
2018,7,JUL,PIN DE EXTENSION,0,1,0
2018,7,JUL,PIPE FITTING 15L G CIL,4,0,0
2018,7,JUL,PIPE FITTING 15L G CON,10,0,0
2018,7,JUL,PISTA DESLIZAMIENTO,2,0,0
2018,7,JUL,PLATOS CUADRADOS 400X400X50,4,0,0
2018,7,JUL,POMO,0,0,5
2018,7,JUL,POMO ERGONOMICO NEGRO ,0,0,5
2018,7,JUL,POTENCIOMETRO HETRONIC,5,0,0
2018,7,JUL,PROLONGA,0,3,0
2018,7,JUL,SCATOLA PRIMARIA DMU 3000 PLUS,0,4,0
2018,7,JUL,SEGURO DE ESTABILIZADOR,10,0,0
2018,7,JUL,SEMAFORO COMPLETO ,0,1,0
2018,7,JUL,SICUREZZA METALLICA PER GANCIO,3,0,0
2018,7,JUL,SPRING - RESORTE,0,10,0
2018,7,JUL,STICKER,0,0,1
2018,7,JUL,TARJETA DE SEMAFORO ,0,1,0
2018,7,JUL,TERMOSTATO,0,1,0
2018,7,JUL,TUBO RIGIDO,0,3,0
2018,7,JUL,VALVULA,0,1,0
2018,7,JUL,VALVULA DOBLE EFECTO,1,0,0
2018,7,JUL,VARILLA,1,0,0
2018,7,JUL,VENTILADOR ELECTRICO,0,1,0
2018,8,AGO,BATERIA RECARGABLE PARA,0,4,6
2018,8,AGO,CABLE,1,0,0
2018,8,AGO,CARGADOR DE BATERIA ,0,1,0
2018,8,AGO,ENFRIADOR DE ACEITE,0,2,0
2018,8,AGO,FILTRO,5,0,0
2018,8,AGO,FILTRO DE ALTA PRESION,0,2,2
2018,8,AGO,FILTRO DE RETORNO,0,2,1
2018,8,AGO,FILTRO DEL ALTA PRESION,0,1,0
2018,8,AGO,FILTRO PRESION,0,2,0
2018,8,AGO,FILTRO RETORNO,0,6,4
2018,8,AGO,JUNTA,1,0,0
2018,8,AGO,MANOMETRO INTASAM.FILTRO ART.,5,0,0
2018,8,AGO,MANUAL DE PIEZAS Y PARTES 850/6S-121989,0,1,0
2018,8,AGO,MOULO ELLETT.PVEH 157B403700 X,0,4,0
2018,8,AGO,PERNO,20,0,0
2018,8,AGO,PLATO DE APOYO 600X600X60,0,8,0
2018,8,AGO,PTO 13K1 NEU UNI + KIT DE,0,1,0
2018,8,AGO,RADIOMANDO NOVA XL RC 2744 ,0,1,0
2018,8,AGO,SCATOLA PRIMARIA DMU 3000 PLUS,0,0,1
2018,8,AGO,SOPORTE DE TUBERIA,0,6,0
2018,8,AGO,TAPON DE TANQUE HIDRAULICO,0,1,1
2018,8,AGO,TAPPO DI RIEMPIM.TCO 501 FILTR,0,4,1
2018,8,AGO,TUBO RIGIDO,1,2,0
2018,8,AGO,VALVULA,1,0,0
2018,8,AGO,VALVULA DE BLOQUE PRINCIPAL,0,1,0
2018,8,AGO,VALVULA ELEVACION,0,1,0
2018,8,AGO,VENTILADOR ELECTRICO,0,2,2
2018,9,SEP,BATERIA RECARGABLE PARA,0,1,0
2018,9,SEP,CARTUCCIA FILTRO A.P.,1,0,1
2018,9,SEP,CASQUILLO,0,3,0
2018,9,SEP,COMPONENTE DE DISTRIBUIDOR,0,1,0
2018,9,SEP,CONECTOR,2,0,0
2018,9,SEP,DISCO,2,0,0
2018,9,SEP,DISCO DE MANDO,0,2,0
2018,9,SEP,DISPOSITIVO ANTIVUELCO,1,0,0
2018,9,SEP,ENGARGOLADO,1,0,0
2018,9,SEP,ESTABILIZADOR,2,0,0
2018,9,SEP,FILTRO (CCH301FD1),0,1,0
2018,9,SEP,FILTRO DE RETORNO  (CRA230CV1SOL01),0,1,1
2018,9,SEP,GANCHO DE CARGA DE 8 TN,0,1,0
2018,9,SEP,JUEGO RETENES,0,2,0
2018,9,SEP,MANDO NEUMATICO DE ENCROCHE,0,1,0
2018,9,SEP,MANOMETRO DE TANQUE,0,0,1
2018,9,SEP,MOULO ELLETT.PVEH 157B403700 X,0,1,0
2018,9,SEP,PIN,0,1,0
2018,9,SEP,PLATO DE POLIETILENO SIN ROTULA,0,1,0
2018,9,SEP,RACORE,0,4,0
2018,9,SEP,RADIOMANDO,1,0,0
2018,9,SEP,RADIOMANDO NOVA XL RC 2744 ,0,5,1
2018,9,SEP,SEGMENTO BASCULANTE,0,1,0
2018,9,SEP,SENSOR   ,0,1,0
2018,9,SEP,SENSORE ANGOLARE ART:DPS-A-V-2,0,0,1
2018,9,SEP,SEPARADOR,0,1,0
2018,9,SEP,SPRING - RESORTE,0,0,10
2018,9,SEP,SWICHT DE MODO GRUA A MODO ESTABILIZADOR  ,0,1,1
2018,9,SEP,SWICHT FINAL DE CARRERA,0,4,0
2018,9,SEP,SWITCH FINAL DE CARRRERA,0,4,0
2018,9,SEP,TARJETA CONVERTIDORA DE ,0,0,1
2018,9,SEP,TORNILLO,2,0,0
2018,9,SEP,TUBO RIGIDO,0,4,1
2018,9,SEP,TUERCA DE PIN,0,1,0
2018,9,SEP,TUERCA DE PISTON,2,3,0
2018,9,SEP,VALVULA,2,0,1
2018,9,SEP,VALVULA ELEVACION,0,0,1
2018,9,SEP,VALVULA TAR 100,0,2,0
2018,9,SEP,WASHER,0,2,0
2018,10,OCT,ANILLO SEEGER,20,0,0
2018,10,OCT,ANILLO/A,2,0,0
2018,10,OCT,ARANDELA,4,0,0
2018,10,OCT,BATERIA RECARGABLE PARA,0,2,0
2018,10,OCT,BATERIA SCANRECO,0,2,0
2018,10,OCT,BATTERIA X RADIO SCANRECO RC400,0,2,0
2018,10,OCT,BOMBA ACODADA HDS 47 LTS,0,1,1
2018,10,OCT,CASQUILLO,0,1,0
2018,10,OCT,CILINDRO DE EXTENSION ,0,1,0
2018,10,OCT,CIRCUITO INTEGRADO GATOS,1,0,0
2018,10,OCT,CONECTOR,2,0,0
2018,10,OCT,DISTRIBUIDOR,0,2,0
2018,10,OCT,ENFRIADOR DE ACEITE,3,0,0
2018,10,OCT,FILTRO,7,0,0
2018,10,OCT,FILTRO DE RETORNO,0,3,0
2018,10,OCT,FILTRO DE RETORNO ,1,2,0
2018,10,OCT,FILTRO PRINCIPAL,3,0,0
2018,10,OCT,FILTRO RETORNO,0,3,1
2018,10,OCT,GRUA HIDRAULICA ARTICULADA EFFER 455/8S- SERIE 100029089,1,0,0
2018,10,OCT,GRUA HIDRAULICA ARTICULADA EFFER 655/6S- SERIE 100028948,1,0,0
2018,10,OCT,GRUA HIDRAULICA ARTICULADA EFFER 655/8S- SERIE 100028949,2,0,0
2018,10,OCT,GRUA HIDRULICA ARTICULADA 150/3S-100027768 INCLUYE FIXING,2,0,0
2018,10,OCT,GUIADORES  1ERA EXTENSION 2N59230,0,4,0
2018,10,OCT,INDICADOR OCLUSION,2,0,0
2018,10,OCT,JUEGO DE RETENES - SEAL KIT,0,2,0
2018,10,OCT,KIT GUARN. MART 1J69000-1J690,0,1,0
2018,10,OCT,MANDO NEUMATICO DE ENCROCHE,0,1,0
2018,10,OCT,MANOMETRO INTASAM.FILTRO ART.,10,0,0
2018,10,OCT,MANUAL DE OPERACION Y MANTENIMIENTO,0,0,1
2018,10,OCT,MANUAL DE PIEZAS Y PARTES 440/5S-120088,0,1,0
2018,10,OCT,MANUAL DE PIEZAS Y PARTES 850/6S-121989,0,1,1
2018,10,OCT,NIVEL DE BURBUJA CODIGO ANTIGUO(8625542),0,4,0
2018,10,OCT,PASADOR A PRESION,0,8,0
2018,10,OCT,PATIN GUIA ACERADA DEL 4TO CAJON DE PROLONGAS,0,2,0
2018,10,OCT,PIN,0,1,0
2018,10,OCT,PISTA DESLIZAMIENTO,0,4,0
2018,10,OCT,PISTON,3,0,0
2018,10,OCT,PLATO DE POLIETILENO SIN ROTULA,0,1,1
2018,10,OCT,PORTAFILTRO SOFIMA RFA220CV1B5/Y40,0,1,0
2018,10,OCT,PROLONGA ESTABILIZADORES,1,0,0
2018,10,OCT,RACORE,5,0,0
2018,10,OCT,RADIOMANDO,1,0,0
2018,10,OCT,RADIOMANDO NOVA XL RC 2744 ,0,1,0
2018,10,OCT,RETENES,0,1,0
2018,10,OCT,RETENES PISTON EXTENSION ESTABILIZADOR,0,2,0
2018,10,OCT,SEEGER,0,10,0
2018,10,OCT,SEGURO,0,16,0
2018,10,OCT,SEGURO GANCHO,0,1,0
2018,10,OCT,SEPARADOR,0,1,0
2018,10,OCT,SICUREZZA METALLICA PER GANCIO,0,2,1
2018,10,OCT,SOPORTE,0,2,0
2018,10,OCT,SOPORTE DE TUBERIA,0,0,10
2018,10,OCT,SWICHT FINAL DE CARRERA,0,2,0
2018,10,OCT,SWITCH FINAL DE CARRRERA,0,2,0
2018,10,OCT,TANQUE HIDRAULICO,0,1,0
2018,10,OCT,TANQUE SERBATOIO OLIO COMPLETO,0,0,1
2018,10,OCT,TAPA SUPERIOR,0,8,0
2018,10,OCT,TAPPO DI RIEMPIM.TCO 501 FILTR,0,1,0
2018,10,OCT,TERMOSTATO,0,1,0
2018,10,OCT,TORNILLO,0,12,0
2018,10,OCT,TUBO RIGIDO,3,2,0
2018,10,OCT,TUERCA,2,0,0
2018,10,OCT,VALVULA ESTABILIZADOR DELANTERO,0,2,0
2018,10,OCT,VENTILADOR ELECTRICO,0,1,0
2018,10,OCT,WASHER,0,1,0
2018,11,NOV,2' PROLONGA,3,0,0
2018,11,NOV,ARANDELA,0,50,0
2018,11,NOV,ARANDELA DE PIN,0,1,0
2018,11,NOV,BATERIA RECARGABLE PARA,0,4,0
2018,11,NOV,CABLE,0,1,0
2018,11,NOV,CARCASA,0,6,0
2018,11,NOV,CARGADOR DE BATERIAS,0,0,1
2018,11,NOV,CARTUCHO,3,0,0
2018,11,NOV,CASQUILLO,0,12,0
2018,11,NOV,CILINDRO DE EXTENSION ,0,0,1
2018,11,NOV,DISPOSITIVO ANTIVUELCO,1,0,0
2018,11,NOV,DISTRIBUIDOR HAWE 1355,0,1,1
2018,11,NOV,ENCHUFE,0,24,0
2018,11,NOV,ENGARGOLADO,3,0,0
2018,11,NOV,FILTRO,2,0,0
2018,11,NOV,FILTRO DE RETORNO,0,0,1
2018,11,NOV,FILTRO DE RETORNO ,0,0,1
2018,11,NOV,FILTRO PRESION,0,1,0
2018,11,NOV,FILTRO RETORNO,0,1,0
2018,11,NOV,GANCHO DE CARGO,0,1,0
2018,11,NOV,GUARDAPOLVO,0,36,0
2018,11,NOV,GUIA DE LIMITADOR DE ANGULO,0,16,0
2018,11,NOV,GUIADORES  1ERA EXTENSION 2N59230,0,10,4
2018,11,NOV,INDICADOR OCLUSION,0,1,0
2018,11,NOV,JUEGO DE JUNTAS,1,0,0
2018,11,NOV,KIT DE RETENES 1ER PISTON DE PROLONGAS,0,2,1
2018,11,NOV,KIT DEL PIE ROTATIVO O PLATO DE APOYO,0,1,0
2018,11,NOV,LAMPARA,0,1,0
2018,11,NOV,MANUAL DE PIEZAS Y PARTES 440/5S-120088,0,1,0
2018,11,NOV,NIVEL DE BURBUJA CODIGO ANTIGUO(8625542),0,4,0
2018,11,NOV,PASADOR A PRESION,0,8,0
2018,11,NOV,PATIN GUIA ACERADA DEL 4TO CAJON DE PROLONGAS,0,2,4
2018,11,NOV,PERNO,0,30,0
2018,11,NOV,PIN,0,9,0
2018,11,NOV,PISTA DESLIZAMIENTO,0,34,0
2018,11,NOV,PLACA,0,4,0
2018,11,NOV,PLAQUITA,0,2,0
2018,11,NOV,PLATO DE POLIETILENO CON ROTULA,0,1,0
2018,11,NOV,PLATO DE POLIETILENO SIN ROTULA,0,1,0
2018,11,NOV,PLATOS CUADRADOS 500X500X60 D220,0,4,4
2018,11,NOV,POMO,1,0,0
2018,11,NOV,PORTAFILTRO,0,2,0
2018,11,NOV,POSADOR,0,20,0
2018,11,NOV,PTO 13K1 NEU UNI + KIT DE,0,1,0
2018,11,NOV,RACORE,13,30,0
2018,11,NOV,RADIOMANDO NOVA XL RC 2744 ,0,0,1
2018,11,NOV,RESORTE,0,24,0
2018,11,NOV,RONDELLA DI FINITURA D.8*MP07-,0,12,0
2018,11,NOV,SEGURO DE PIN,0,10,0
2018,11,NOV,SEGURO DE PIN - MEDIANO,0,12,0
2018,11,NOV,SEGUROS,0,24,0
2018,11,NOV,SEMAFORO / FARO LED DE ,0,1,1
2018,11,NOV,SEMAFORO VERDE,0,1,0
2018,11,NOV,SENSOR DE CARGA - CTE,0,1,0
2018,11,NOV,SENSORE ANGOLARE ART:DPS-A-V-2,0,1,0
2018,11,NOV,SEPARADOR,0,5,0
2018,11,NOV,SIRENA-BUZZER DMU,0,2,0
2018,11,NOV,SOPORTE,0,9,0
2018,11,NOV,SOPORTE DE MANGUERA,0,80,0
2018,11,NOV,SOPORTE DE TUBERIA,0,45,0
2018,11,NOV,SPRING - RESORTE,0,16,0
2018,11,NOV,SWICHT FINAL DE CARRERA,0,0,2
2018,11,NOV,SWITCH FINAL DE CARRRERA,0,0,2
2018,11,NOV,TANQUE HIDRAULICO,0,1,0
2018,11,NOV,TAPON,0,51,0
2018,11,NOV,TAPON DE GUIA ,0,6,0
2018,11,NOV,TAPON GUIADOR,0,10,0
2018,11,NOV,TERMOSTATO,0,0,1
2018,11,NOV,TORNILLO,4,192,8
2018,11,NOV,TORNILLO - VTSPEI M 8X25 -5933-10.9 ZINCA,0,24,0
2018,11,NOV,TORNILLO -VTCEI M 8X40 -5931-8.8-ZINCATA,0,8,0
2018,11,NOV,TRASDUCTOR DE PRESION,1,0,0
2018,11,NOV,TUBO,0,18,0
2018,11,NOV,TUBO RIGIDO,0,41,2
2018,11,NOV,TUBO RIGIDO CORTO,0,1,0
2018,11,NOV,TUBO RIGIDO LARGO,0,1,0
2018,11,NOV,TUERCA,0,48,0
2018,11,NOV,TUERCA ,0,10,0
2018,11,NOV,TUERCA DE PIN,0,16,0
2018,11,NOV,TUERCA DE PISTON,0,8,0
2018,11,NOV,VALVULA,0,7,0
2018,11,NOV,VALVULA DE ELEVACION,0,1,0
2018,11,NOV,VALVULA HIDRAULICA,0,0,1
2018,11,NOV,VALVULA HOLDING TELESCOPAJE TAR 390-320-50,0,1,0
2018,11,NOV,VALVULA TAR 100,0,5,0
2018,11,NOV,VALVULA TAR 110,0,2,0
2018,11,NOV,VENTILADOR ELECTRICO,0,0,1
2018,11,NOV,VISOR INDICADOR DE NIVEL DE ACEITE Y TEMPERATURA,0,6,0
2018,11,NOV,VTCEI M 8X30 -5931-8.8-ZINCATA,0,8,0
2018,11,NOV,WASHER,0,6,0
2018,11,NOV,WASHER(VOLANDAS DE SUJECION DE VALVULA DE CONTRABALANCE),0,20,0
2018,12,DIC,3 EXTENSION,1,0,0
2018,12,DIC,ARANDELA,25,24,0
2018,12,DIC,ARANDELA DE PIN,0,2,0
2018,12,DIC,BATERIA RECARGABLE TIPO ,0,0,4
2018,12,DIC,BATERIA SCANRECO,0,5,0
2018,12,DIC,BOLA,15,0,0
2018,12,DIC,CARGADOR DE BATERIA ,0,1,0
2018,12,DIC,CARGADOR PARA BATERIA,0,1,0
2018,12,DIC,CASQUILLO,2,22,1
2018,12,DIC,CIRCUITO INTEGRADO GATOS,0,1,0
2018,12,DIC,COLUMNA,6,0,0
2018,12,DIC,DISTRIBUIDOR,1,0,1
2018,12,DIC,DISTRIBUIDOR GIRATORIO,0,1,0
2018,12,DIC,ENGRASADOR,51,0,0
2018,12,DIC,ESPESOR,0,1,0
2018,12,DIC,FILTRO PRESION,2,0,0
2018,12,DIC,FILTRO RETORNO,0,2,2
2018,12,DIC,GANCHO,1,0,0
2018,12,DIC,GANCHO DE CARGA DE 8 TN,0,1,0
2018,12,DIC,GANCHO DE CARGO,0,3,0
2018,12,DIC,GRILLETE 11 TON,0,1,0
2018,12,DIC,GUARDAPOLVO,0,49,0
2018,12,DIC,GUIA DE LIMITADOR DE ANGULO,0,32,0
2018,12,DIC,GUIADORES  1ERA EXTENSION 2N59230,0,13,1
2018,12,DIC,KIT DE RETENES 1ER PISTON DE PROLONGAS,0,1,1
2018,12,DIC,KIT FLANGE KFL 01 - BRIDA,0,1,0
2018,12,DIC,MANDO NEUMATICO DE ENCROCHE,0,1,0
2018,12,DIC,MANIJA SELECTOR,0,1,0
2018,12,DIC,NIVEL DE BURBUJA CODIGO ANTIGUO(8625542),0,10,2
2018,12,DIC,PALANCA DE MANIJA,0,1,0
2018,12,DIC,PERNO,14,12,0
2018,12,DIC,PIN,0,16,0
2018,12,DIC,PISTA DESLIZAMIENTO,6,20,0
2018,12,DIC,PLACA,10,0,0
2018,12,DIC,PLAQUITA,41,0,0
2018,12,DIC,POSADOR,15,0,0
2018,12,DIC,PTO 13K1 NEU UNI + KIT DE,0,0,1
2018,12,DIC,RACORE,10,28,0
2018,12,DIC,RETENES 1ER PISTON DE PROLONGAS,0,1,1
2018,12,DIC,RETENES 2DO PISTON DE PROLONGAS,0,1,1
2018,12,DIC,RETENES 3ERO PISTON DE PROLONGAS,0,1,1
2018,12,DIC,RETENES 4TO PISTON DE PROLONGAS,2,1,2
2018,12,DIC,RETENES 5TO PISTON DE PROLONGAS,0,1,2
2018,12,DIC,RONDELLA DI FINITURA D.8*MP07-,30,0,0
2018,12,DIC,SEGURO DE PIN,0,20,0
2018,12,DIC,SEGURO DE PIN - MEDIANO,0,24,0
2018,12,DIC,SEGUROS,0,48,0
2018,12,DIC,SENSOR DE CARGA - CTE,85,0,0
2018,12,DIC,SEPARADOR,0,6,0
2018,12,DIC,SOPORTE DE MANGUERA,0,144,0
2018,12,DIC,SOPORTE DE TUBERIA,0,48,0
2018,12,DIC,TANQUE HIDRAULICO,0,2,0
2018,12,DIC,TAPON,2,100,0
2018,12,DIC,TAPON DE GUIA ,0,12,0
2018,12,DIC,TAPON GUIADOR,0,20,0
2018,12,DIC,TAPON SOPORTE,0,1,0
2018,12,DIC,TAPPO DI RIEMPIM.TCO 501 FILTR,0,1,0
2018,12,DIC,TERMOMETRO DE TANQUE,0,2,0
2018,12,DIC,TORNILLO,45,168,1
2018,12,DIC,TORNILLO -VTCEI M 8X40 -5931-8.8-ZINCATA,15,0,0
2018,12,DIC,TUBO,1,0,0
2018,12,DIC,TUBO FLEXIBLE,0,2,0
2018,12,DIC,TUBO RIGIDO,17,34,0
2018,12,DIC,TUBO RIGIDO CORTO,0,2,0
2018,12,DIC,TUBO RIGIDO LARGO,0,2,0
2018,12,DIC,TUERCA ,0,20,0
2018,12,DIC,TUERCA DE PIN,0,12,10
2018,12,DIC,TUERCA DE PISTON,0,26,0
2018,12,DIC,TUERCA SEGURO DE NYLON,0,1,0
2018,12,DIC,VALVULA,2,6,0
2018,12,DIC,VALVULA DE ELEVACION,0,1,0
2018,12,DIC,VALVULA HOLDING,0,1,0
2018,12,DIC,VALVULA HOLDING TELESCOPAJE TAR 390-320-50,0,2,0
2018,12,DIC,VALVULA TAR 100,0,6,0
2018,12,DIC,VARILLA,1,0,0
2018,12,DIC,VISOR INDICADOR DE NIVEL DE ACEITE Y TEMPERATURA,0,2,0
2018,12,DIC,VOLANDA,0,1,0
2018,12,DIC,WASHER,0,10,1
2019,1,ENE,ALARMA DE GIRO 97DB,0,1,0
2019,1,ENE,ANILLO SEEGER,10,0,0
2019,1,ENE,ARANDELA,0,0,16
2019,1,ENE,BATERIA SCANRECO,0,1,0
2019,1,ENE,BOLA,18,0,0
2019,1,ENE,CADENA DE ESTABILIZADOR POSTERIOR ,0,1,0
2019,1,ENE,CARCASA,8,0,2
2019,1,ENE,CASQUILLO,15,0,0
2019,1,ENE,CIRCUITO INTEGRADO GATOS,1,0,0
2019,1,ENE,DISTRIBUIDOR,3,0,0
2019,1,ENE,ENCHUFE,15,0,0
2019,1,ENE,ESPESOR,22,1,0
2019,1,ENE,FILTRO,1,0,0
2019,1,ENE,FILTRO DEL ALTA PRESION,0,2,1
2019,1,ENE,FILTRO PRESION,0,1,1
2019,1,ENE,FILTRO RETORNO,0,4,2
2019,1,ENE,GANCHO DE CARGA DE 8 TN,0,2,1
2019,1,ENE,GUARDAPOLVO,30,0,1
2019,1,ENE,GUIADORES  1ERA EXTENSION 2N59230,0,4,0
2019,1,ENE,MANDO NEUMATICO DE ENCROCHE,0,1,0
2019,1,ENE,MANIJA SELECTOR,0,2,0
2019,1,ENE,MANUAL FISICO DE PIEZAS,0,1,0
2019,1,ENE,MANUAL VIRTUAL DE PIEZAS,0,1,0
2019,1,ENE,MODULE ELECTRICO DISTRIBUIDOR,0,1,0
2019,1,ENE,MODULO DE ENCENDIDO Y APAGADO DE GRUA ,0,1,0
2019,1,ENE,MODULOI ELLET.PVEO 157B4902 X P ,0,1,0
2019,1,ENE,MOULO ELLETT.PVEH 157B403700 X,0,3,0
2019,1,ENE,PALANCA DE MANIJA,0,2,0
2019,1,ENE,PERNO,1,0,12
2019,1,ENE,PIN,0,2,1
2019,1,ENE,PISTA DESLIZAMIENTO,0,16,14
2019,1,ENE,PLAQUITA,24,0,1
2019,1,ENE,POSADOR,0,0,10
2019,1,ENE,POTENCIOMETRO HETRONIC,0,1,1
2019,1,ENE,RACORE,1,0,8
2019,1,ENE,RETENES 1ERA EXTESION PROLONGAS  2N63961,0,1,0
2019,1,ENE,RETENES 3ERA EXTENSION PROLONGAS 2N63981,0,1,0
2019,1,ENE,SENSORE ANGOLARE ART:DPS-A-V-2,0,1,1
2019,1,ENE,SEPARADOR,16,0,2
2019,1,ENE,SIRENA-BUZZER DMU,0,1,0
2019,1,ENE,SOPORTE,0,0,3
2019,1,ENE,SOPORTE DE MANGUERA,0,0,4
2019,1,ENE,SOPORTE DE TUBERIA,0,0,6
2019,1,ENE,SPRING - RESORTE,0,0,8
2019,1,ENE,TANQUE HIDRAULICO,0,1,0
2019,1,ENE,TAPON,0,30,0
2019,1,ENE,TAPON DE GUIA ,0,4,0
2019,1,ENE,TAPPO DI RIEMPIM.TCO 501 FILTR,0,3,1
2019,1,ENE,TERMOMETRO DE TANQUE,0,0,1
2019,1,ENE,TORNILLO,0,19,42
2019,1,ENE,TORNILLO - VTSPEI M 8X25 -5933-10.9 ZINCA,0,0,8
2019,1,ENE,TORNILLO -VTCEI M 8X40 -5931-8.8-ZINCATA,0,0,4
2019,1,ENE,TUBO,0,0,6
2019,1,ENE,TUBO FLEXIBLE,0,4,0
2019,1,ENE,TUBO RIGIDO,6,2,17
2019,1,ENE,TUERCA,0,0,16
2019,1,ENE,TUERCA ,0,12,0
2019,1,ENE,TUERCA DE PISTON,0,2,0
2019,1,ENE,VAINA,1,0,0
2019,1,ENE,VALVULA,1,0,0
2019,1,ENE,VALVULA DE 6TA EXTENSION TARADA 150,0,1,0
2019,1,ENE,VALVULA DE CILINDRO,0,2,0
2019,1,ENE,VALVULA DE ELEVACION,1,0,0
2019,1,ENE,VALVULA ESTABILIZADOR DELANTERO,0,1,0
2019,1,ENE,VALVULA HIDRAULICA,2,0,0
2019,1,ENE,VALVULA TAR 100,0,0,1
2019,1,ENE,VISOR INDICADOR DE NIVEL DE ACEITE Y TEMPERATURA,0,0,1
2019,1,ENE,VTCEI M 8X30 -5931-8.8-ZINCATA,0,0,4
2019,1,ENE,WASHER(VOLANDAS DE SUJECION DE VALVULA DE CONTRABALANCE),0,0,10
2019,2,FEB,BATERIA HETRONIC,0,1,0
2019,2,FEB,BATERIA RECARGABLE PARA,0,1,3
2019,2,FEB,BATERIA SCANRECO,0,0,1
2019,2,FEB,BATTERIA X RADIO SCANRECO RC400,0,4,0
2019,2,FEB,BIELA,10,0,0
2019,2,FEB,BLOQUE DE TUBO,24,0,0
2019,2,FEB,BOLA,25,0,0
2019,2,FEB,CAJA GESTION GENERAL,1,0,0
2019,2,FEB,CARGADOR DE BATERIAS,0,1,1
2019,2,FEB,CORREA,2,0,0
2019,2,FEB,ELEMENTO DE DISTRIBUIDOR,4,0,0
2019,2,FEB,ENCHUFE,0,0,12
2019,2,FEB,ENGARGOLADO,1,0,0
2019,2,FEB,ESPESOR,12,0,0
2019,2,FEB,FILTRO DE RETORNO,0,2,1
2019,2,FEB,FILTRO DEL ALTA PRESION,0,2,2
2019,2,FEB,FILTRO RETORNO,0,4,3
2019,2,FEB,GANCHO DE CARGO,0,1,1
2019,2,FEB,GUIA DE LIMITADOR DE ANGULO,0,0,16
2019,2,FEB,GUIADORES  1ERA EXTENSION 2N59230,0,8,8
2019,2,FEB,MANOMETRO INTASAM.FILTRO ART.,0,2,1
2019,2,FEB,MODULE ELECTRICO DISTRIBUIDOR,0,1,0
2019,2,FEB,MODULO DE ENCENDIDO Y APAGADO DE GRUA ,0,0,1
2019,2,FEB,MODULOI ELLET.PVEO 157B4902 X P ,0,1,0
2019,2,FEB,PALANCA DE MANIJA,0,0,1
2019,2,FEB,PASADOR A PRESION,0,0,4
2019,2,FEB,PERNO,10,0,6
2019,2,FEB,PISTA DESLIZAMIENTO,6,10,6
2019,2,FEB,PLACA,24,0,2
2019,2,FEB,POTENCIOMETRO HETRONIC,0,1,0
2019,2,FEB,RACORE,38,0,43
2019,2,FEB,RESORTE,0,0,12
2019,2,FEB,RETENES 1ER PISTON DE PROLONGAS,0,1,0
2019,2,FEB,RETENES 1ERA EXTESION PROLONGAS  2N63961,0,1,0
2019,2,FEB,RETENES 3ERA EXTENSION PROLONGAS 2N63981,0,1,0
2019,2,FEB,SEGURO DE PIN,0,0,10
2019,2,FEB,SEGURO DE PIN - MEDIANO,0,1,17
2019,2,FEB,SEGUROS,0,0,24
2019,2,FEB,SIRENA-BUZZER DMU,0,0,1
2019,2,FEB,SOPORTE,15,0,0
2019,2,FEB,SOPORTE DE MANGUERA,0,0,72
2019,2,FEB,SUPPORTO TUBI RIGIDI SU CANNE,12,0,0
2019,2,FEB,TANQUE HIDRAULICO,0,1,0
2019,2,FEB,TAPON,0,30,46
2019,2,FEB,TAPON GUIADOR,8,0,10
2019,2,FEB,TAPPO DI RIEMPIM.TCO 501 FILTR,0,4,2
2019,2,FEB,TORNILLO,77,13,86
2019,2,FEB,TRASDUCTOR DE PRESION,5,2,2
2019,2,FEB,TUBO FLEXIBLE,15,0,2
2019,2,FEB,TUBO RIGIDO,7,0,13
2019,2,FEB,TUERCA ,0,0,18
2019,2,FEB,TUERCA DE PIN,0,0,6
2019,2,FEB,TUERCA DE PISTON,22,0,11
2019,2,FEB,VALVULA,1,0,0
2019,2,FEB,VALVULA DE ELEVACION,0,0,1
2019,2,FEB,VALVULA DE PROLONGAS,2,0,0
2019,2,FEB,VALVULA HOLDING,1,0,0
2019,2,FEB,VALVULA HOLDING TELESCOPAJE TAR 390-320-50,0,0,1
2019,2,FEB,VALVULA TAR 100,0,0,6
2019,2,FEB,VALVULA TAR 110,0,0,1
2019,2,FEB,VISOR INDICADOR DE NIVEL DE ACEITE Y TEMPERATURA,0,1,1
2019,3,MAR,AUTOADHESIVO DIAGRAMA DE CARGA,0,5,0
2019,3,MAR,BATERIA HETRONIC,0,1,0
2019,3,MAR,BATERIA RECARGABLE PARA,0,2,0
2019,3,MAR,BATERIA RECARGABLE PARA ,0,0,2
2019,3,MAR,CANASTILLA PARA DOS PERSONAS ,0,1,0
2019,3,MAR,CONTROL REMOTO SCANRECO,0,3,0
2019,3,MAR,FILTRO DE RETORNO,0,1,2
2019,3,MAR,FILTRO DE RETORNO ,0,1,0
2019,3,MAR,FILTRO RETORNO,0,2,2
2019,3,MAR,JUEGO DE JUNTAS,0,4,0
2019,3,MAR,JUEGO DE RETENES DE LA 1RA PROL,0,1,0
2019,3,MAR,JUEGO DE RETENES DE LA 2DA PROL,0,1,0
2019,3,MAR,JUEGO DE RETENES DE LA 3RA PROL,0,1,0
2019,3,MAR,JUEGO DE RETENES DE LA 6TA PROL ,0,1,0
2019,3,MAR,JUNTA,0,5,0
2019,3,MAR,KIT GUARNIZIONI HCD4/5 RIF.,0,1,0
2019,3,MAR,MODULE ELECTRICO DISTRIBUIDOR,0,4,0
2019,3,MAR,MODULO DE ENCENDIDO Y APAGADO DE GRUA ,0,0,1
2019,3,MAR,MOULO ELLETT.PVEH 157B403700 X,0,1,1
2019,3,MAR,PERNO,2,0,0
2019,3,MAR,PIN ESTABILIZADOR POSTERIOR,1,0,0
2019,3,MAR,RACORE,0,9,0
2019,3,MAR,RETENES,0,2,0
2019,3,MAR,RETENES PISTON EXTENSION ESTABILIZADOR,0,6,0
2019,3,MAR,S. DISTRIBUIDOR,0,1,0
2019,3,MAR,SEAL KIT PISTON GATO DE APOYO - DELANTERO,0,2,0
2019,3,MAR,SEGURO DE PIN,0,4,0
2019,3,MAR,SEMAFORO / FARO LED DE ,0,2,0
2019,3,MAR,SIRENA-BUZZER DMU,0,0,1
2019,3,MAR,SOPORTE,2,6,0
2019,3,MAR,STICKER,0,3,0
2019,3,MAR,TAPON DE TANQUE HIDRAULICO,0,1,0
2019,3,MAR,TARJETA CONVERTIDORA DE ,0,1,0
2019,3,MAR,TUBO RIGIDO,0,0,2
2019,3,MAR,VALVULA HOLDING BRAZO PRIMARIO,0,3,0
2019,3,MAR,VALVULA HOLDING BRAZO SECUNDARIO,0,3,0
2019,3,MAR,VENTILADOR ELECTRICO,0,3,0
2019,4,ABR,AERIAL PLATFORM TRUCK + ACCESORIES,3,0,0
2019,4,ABR,AUTOADHESIVO DIAGRAMA DE CARGA,0,14,0
2019,4,ABR,BIELA,20,0,0
2019,4,ABR,CABLE,1,0,0
2019,4,ABR,CADENA DE ESTABILIZADOR POSTERIOR ,0,2,0
2019,4,ABR,CAJA GESTION GENERAL,1,0,0
2019,4,ABR,CARGADOR DE BATERIA ,0,1,0
2019,4,ABR,CILINDRO,0,18,0
2019,4,ABR,CILINDRO 6TA EXTENSION,0,2,0
2019,4,ABR,CILINDRO 7MA EXTENSION,0,2,0
2019,4,ABR,ENGARGOLADO,1,0,0
2019,4,ABR,ESTABILIZADOR,2,0,0
2019,4,ABR,FILTRO,4,0,0
2019,4,ABR,FILTRO DE RETORNO ,0,0,1
2019,4,ABR,FILTRO DEL ALTA PRESION,0,1,1
2019,4,ABR,FILTRO RETORNO,0,1,1
2019,4,ABR,GANCHO DE CARGA 22TN,0,3,0
2019,4,ABR,GANCHO DE CARGA DE 8 TN,0,1,0
2019,4,ABR,GANCHO DE CARGO,1,1,1
2019,4,ABR,GUARDAPOLVO,0,18,0
2019,4,ABR,INDICADOR OCLUSION,0,1,1
2019,4,ABR,MANIJA LINEAL DE CONTROL REMOTO,0,1,0
2019,4,ABR,MANOMETRO INTASAM.FILTRO ART.,0,1,1
2019,4,ABR,MANUAL DE OPERACION Y MANTENIMIENTO,0,8,0
2019,4,ABR,MANUAL DE PIEZAS Y PARTES 100/4S-100024276,0,1,0
2019,4,ABR,MANUAL DE PIEZAS Y PARTES 150/3S-122887,0,1,0
2019,4,ABR,MANUAL DE PIEZAS Y PARTES 35/3S-122765,0,1,0
2019,4,ABR,MANUAL DE PIEZAS Y PARTES 350/5S-119564,0,1,0
2019,4,ABR,MANUAL DE PIEZAS Y PARTES 440/5S-120088,0,1,0
2019,4,ABR,MANUAL DE PIEZAS Y PARTES 455/6S-100023980,0,1,0
2019,4,ABR,MANUAL DE PIEZAS Y PARTES 850/6S-121989,0,1,0
2019,4,ABR,MANUAL DE PIEZAS Y PARTES 855/6S-100025143,0,1,0
2019,4,ABR,PULSADOR DE EMERGENCIA - BOTON DE PARA DE  EMERGENCIA,0,1,0
2019,4,ABR,RACORE,16,0,0
2019,4,ABR,RETENES PISTON EXTENSION ESTABILIZADOR,0,2,2
2019,4,ABR,SEGUROS,0,12,0
2019,4,ABR,SOPORTE DE TUBERIA,0,3,0
2019,4,ABR,TAPPO DI RIEMPIM.TCO 501 FILTR,0,1,1
2019,4,ABR,TORNILLO,0,19,10
2019,4,ABR,TUBO,1,0,0
2019,4,ABR,TUBO RIGIDO,2,38,0
2019,4,ABR,VALVULA,2,0,0
2019,4,ABR,VALVULA DE CONTRABALANCE,0,23,0
2019,4,ABR,VALVULA DE RETENCION DEL PISTON DE ELEVACION,0,1,0
2019,4,ABR,VALVULA HOLDING BRAZO PRIMARIO,0,1,0
2019,4,ABR,VALVULA TAR 100,0,1,1
2019,4,ABR,WASHER(VOLANDAS DE SUJECION DE VALVULA DE CONTRABALANCE),0,9,0
2019,4,ABR,WHASHER D 1/2 S.1.5,15,0,0
2019,5,MAY,ARANDELA,10,25,0
2019,5,MAY,ARANDELA PLANA M8,0,22,0
2019,5,MAY,AUTOADHESIVO DIAGRAMA DE CARGA,0,2,2
2019,5,MAY,BATERIA SCANRECO,0,32,4
2019,5,MAY,CABLE CONECTOR SCANRECO /HBC 12 VOLT.,0,3,0
2019,5,MAY,CARGADOR PARA BATERIA,0,4,0
2019,5,MAY,CILINDRO,0,1,0
2019,5,MAY,CONTROL REMOTO SCANRECO,0,1,0
2019,5,MAY,DIAGRAMA DE CARGA,0,2,0
2019,5,MAY,ENGRASADOR,1,0,0
2019,5,MAY,ESPESOR,0,2,0
2019,5,MAY,FILTRO,6,0,0
2019,5,MAY,FILTRO DE PRESION,0,8,2
2019,5,MAY,FILTRO DE RETORNO,0,3,2
2019,5,MAY,FILTRO DE RETORNO CRE150CD1,0,2,1
2019,5,MAY,FILTRO DEL ALTA PRESION,0,1,2
2019,5,MAY,FILTRO RETORNO,0,6,3
2019,5,MAY,GANCHO DE CARGA 22TN,0,1,1
2019,5,MAY,GUARDAPOLVO,5,1,0
2019,5,MAY,GUIA DE FIERRO SUPERIOR DE PROLONGA,0,22,0
2019,5,MAY,JUNTA,0,0,1
2019,5,MAY,MANIJA LINEAL DE CONTROL REMOTO,0,1,0
2019,5,MAY,MANOMETRO INTASAM.FILTRO ART.,5,1,1
2019,5,MAY,MANUAL DE OPERACION Y MANTENIMIENTO,0,0,8
2019,5,MAY,MANUAL DE PIEZAS Y PARTES 100/4S-100024276,0,0,1
2019,5,MAY,MANUAL DE PIEZAS Y PARTES 150/3S-122887,0,0,1
2019,5,MAY,MANUAL DE PIEZAS Y PARTES 35/3S-122765,0,0,1
2019,5,MAY,MANUAL DE PIEZAS Y PARTES 350/5S-119564,0,0,1
2019,5,MAY,MANUAL DE PIEZAS Y PARTES 440/5S-120088,0,0,1
2019,5,MAY,MANUAL DE PIEZAS Y PARTES 455/6S-100023980,0,0,1
2019,5,MAY,MANUAL DE PIEZAS Y PARTES 850/6S-121989,0,0,1
2019,5,MAY,MANUAL DE PIEZAS Y PARTES 855/6S-100025143,0,0,1
2019,5,MAY,NIVEL DE BURBUJA CODIGO ANTIGUO(8625542),0,10,0
2019,5,MAY,PERNO,3,0,0
2019,5,MAY,PERNO BUTTON VTBEI M8 X 12 MM,0,44,0
2019,5,MAY,PISTA DESLIZAMIENTO,0,50,0
2019,5,MAY,PLAQUITA,10,0,0
2019,5,MAY,PLATOS CUADRADOS 500X500X60 D220,0,4,0
2019,5,MAY,POTENCIOMETRO HETRONIC,0,4,0
2019,5,MAY,RACORE,0,2,5
2019,5,MAY,RADIOMANDO,1,0,0
2019,5,MAY,RADIOMANDO NOVA XL RC 2744 ,0,1,0
2019,5,MAY,SEGURO DE PIN,0,4,4
2019,5,MAY,SEGUROS,0,4,4
2019,5,MAY,SICUREZZA METALLICA PER GANCIO,0,2,1
2019,5,MAY,SOPORTE,0,0,2
2019,5,MAY,SOPORTE DE TUBERIA,0,1,1
2019,5,MAY,SPRING - RESORTE,0,20,0
2019,5,MAY,STICKER,0,0,2
2019,5,MAY,TAPON,1,150,0
2019,5,MAY,TAPON SOPORTE,0,2,0
2019,5,MAY,TAPPO DI RIEMPIM.TCO 501 FILTR,0,3,2
2019,5,MAY,TORNILLO,2,38,3
2019,5,MAY,TORNILLO VTCEI M8X25,0,10,0
2019,5,MAY,TORNILLO VTCEI M8X30,0,6,0
2019,5,MAY,TUBO RIGIDO,2,6,0
2019,5,MAY,TUERCA ,0,48,0
2019,5,MAY,TUERCA DE PISTON,0,22,0
2019,5,MAY,TUERCA SEGURO DE NYLON,0,2,0
2019,5,MAY,VALVULA,1,0,0
2019,5,MAY,VALVULA DE CONTRABALANCE,0,1,0
2019,5,MAY,VALVULA HIDRAULICA,1,1,0
2019,5,MAY,VALVULA HOLDING,1,0,0
2019,5,MAY,VALVULA HOLDING BRAZO PRIMARIO,0,0,1
2019,5,MAY,VALVULA HOLDING BRAZO SECUNDARIO,0,0,1
2019,5,MAY,VOLANDA,0,2,0
2019,5,MAY,WASHER(VOLANDAS DE SUJECION DE VALVULA DE CONTRABALANCE),0,25,3
2019,6,JUN,BATERIA SCANRECO,0,8,2
2019,6,JUN,BATTERIA X RADIO SCANRECO RC400,0,4,0
2019,6,JUN,BOMBA HIDRAULICA RECTA HDS 64 LITROS,0,1,0
2019,6,JUN,CARGADOR DE BATERIAS,0,1,0
2019,6,JUN,DIAGRAMA DE CARGA,0,1,0
2019,6,JUN,ENGRASADOR,40,0,0
2019,6,JUN,ESPESOR,0,0,2
2019,6,JUN,FILTRO DE RETORNO,0,2,1
2019,6,JUN,FILTRO RETORNO,0,2,1
2019,6,JUN,GUARDAPOLVO,0,0,1
2019,6,JUN,KIT DE RETENES 1ER PISTON DE PROLONGAS,0,1,1
2019,6,JUN,KIT GUARN.MART.4L63900,0,2,1
2019,6,JUN,LLAVE BYPASS DE RECEPTOR HETRONIC,0,1,1
2019,6,JUN,MANDO NEUMATICO DE ENCROCHE,0,1,0
2019,6,JUN,MANOMETRO INTASAM.FILTRO ART.,0,1,1
2019,6,JUN,PLATO DE APOYO 600X600X60,0,4,0
2019,6,JUN,PLATO DE APOYO ARTICULADO - DELANTERO,0,1,1
2019,6,JUN,PLATOS CUADRADOS,0,4,0
2019,6,JUN,SEGURO DE ESTABILIZADOR POSTERIOR,0,1,1
2019,6,JUN,TAPON SOPORTE,0,0,2
2019,6,JUN,TAPPO DI RIEMPIM.TCO 501 FILTR,0,2,1
2019,6,JUN,TOMA DE FUERZA TDF POSTER 12SPD 500NM ISO,0,3,0
2019,6,JUN,TUBO RIGIDO,1,0,3
2019,6,JUN,TUBO RIGIDO CORTO,0,1,0
2019,6,JUN,TUBO RIGIDO LARGO,0,1,0
2019,6,JUN,TUERCA SEGURO DE NYLON,0,0,2
2019,6,JUN,VALVULA DE CONTRABALANCE,0,0,1
2019,6,JUN,VISOR INDICADOR DE NIVEL DE ACEITE Y TEMPERATURA,0,1,1
2019,6,JUN,VOLANDA,0,0,2
2019,7,JUL,ARANDELA,0,4,0
2019,7,JUL,BATERIA HETRONIC,0,2,0
2019,7,JUL,BATERIA PARA HETRONIC,0,4,0
2019,7,JUL,BATERIA SCANRECO,0,2,0
2019,7,JUL,BATTERIA X RADIO SCANRECO RC400,0,3,0
2019,7,JUL,BLOQUE DE CONTRAPRESION,0,1,0
2019,7,JUL,BOMBA ACODADA HDS 47 LTS,1,0,0
2019,7,JUL,"CARICABATTERIA 10-30 VDC ""VELOCE""",1,0,0
2019,7,JUL,ENFRIADOR DE ACEITE,0,2,0
2019,7,JUL,FILTRO DEL ALTA PRESION,0,0,2
2019,7,JUL,FILTRO RETORNO,0,0,1
2019,7,JUL,GRUA HIDRAULICA ARTICULADA EFFER 855/7S- SERIE 100029097,1,0,0
2019,7,JUL,GRUA HIDRULICA ARTICULADA 305/5S-100027762 + INCLUYE FIXING,1,0,0
2019,7,JUL,KIT DE RETENES 1ER PISTON DE PROLONGAS,0,1,1
2019,7,JUL,KIT MATER.ELETTR. X VERRIC. S1,0,2,0
2019,7,JUL,KIT PMP . BENT AXIS HDT75S + GOLD DIR,4,0,0
2019,7,JUL,MICROINTERRUPTOR,0,2,0
2019,7,JUL,MOULO ELLETT.PVEH 157B403700 X,0,3,1
2019,7,JUL,PLATO DE APOYO 400X400X50 - E350,0,4,0
2019,7,JUL,PLATO DE POLIETILENO CON ROTULA,0,1,0
2019,7,JUL,PLATO DE POLIETILENO SIN ROTULA,0,2,1
2019,7,JUL,RETENES 1ER PISTON DE PROLONGAS,0,1,1
2019,7,JUL,RETENES 2DO PISTON DE PROLONGAS,0,1,1
2019,7,JUL,RETENES 3ERO PISTON DE PROLONGAS,0,1,1
2019,7,JUL,RETENES 4TO PISTON DE PROLONGAS,0,1,2
2019,7,JUL,RETENES DE ELEVACION,0,0,1
2019,7,JUL,SOPORTE,0,2,0
2019,7,JUL,SWITCH FINAL DE CARRRERA,0,6,0
2019,7,JUL,TAPON,0,4,4
2019,7,JUL,TAPPO DI RIEMPIM.TCO 501 FILTR,0,0,1
2019,7,JUL,TORNILLO,0,4,0
2019,7,JUL,TUBO RIGIDO,0,5,0
2019,7,JUL,VISOR INDICADOR DE NIVEL DE ACEITE Y TEMPERATURA,0,2,0
2019,8,AGO,ARANDELA,0,0,2
2019,8,AGO,BATERIA SCANRECO,0,2,0
2019,8,AGO,BATTERIA X RADIO SCANRECO RC400,0,2,0
2019,8,AGO,CARCASA,2,0,0
2019,8,AGO,CILINDRO 6TA EXTENSION,0,1,0
2019,8,AGO,CONECTOR,4,0,0
2019,8,AGO,DIAGRAMA DE CARGA,0,2,0
2019,8,AGO,DISTRIBUIDOR,0,2,0
2019,8,AGO,FILTRO,4,0,0
2019,8,AGO,FILTRO DE RETORNO  (CRA230CV1SOL01),0,1,0
2019,8,AGO,FILTRO DEL ALTA PRESION,0,4,0
2019,8,AGO,FILTRO RETORNO,0,6,1
2019,8,AGO,MANUAL DE OPERACION Y MANTENIMIENTO,0,3,0
2019,8,AGO,NIVEL DE BURBUJA CODIGO ANTIGUO(8625542),0,9,0
2019,8,AGO,PALANCA MANDO,0,4,0
2019,8,AGO,PALANCAS DE DISTRIBUIDOR,0,16,0
2019,8,AGO,PERNO,0,4,0
2019,8,AGO,POMO,0,8,0
2019,8,AGO,POMO ERGONOMICO NEGRO ,0,12,0
2019,8,AGO,PULSADOR DE EMERGENCIA - BOTON DE PARA DE  EMERGENCIA,0,2,1
2019,8,AGO,RADIOMANDO NOVA XL RC 2744 ,0,1,0
2019,8,AGO,RADIOMANDO SCANRECO,0,1,0
2019,8,AGO,RETENES DE BASCULANTES ,0,1,0
2019,8,AGO,RETENES DE ELEVACION,0,1,1
2019,8,AGO,RETENES DEL 1ER PISTON DE PROLONGAS ,0,1,0
2019,8,AGO,RETENES DEL 2DO PISTON DE PROLONGAS ,0,1,0
2019,8,AGO,RETENES DEL 3ER PISTON DE PROLONGAS ,0,1,0
2019,8,AGO,RETENES DEL 4TO PISTON DE PROLONGAS ,0,1,0
2019,8,AGO,RETENES DEL 5TO PISTON DE PROLONGAS ,0,1,0
2019,8,AGO,SEGUROS,0,40,0
2019,8,AGO,SOPORTE,0,2,1
2019,8,AGO,SWITCH FINAL DE CARRRERA,0,0,4
2019,8,AGO,TAPPO DI RIEMPIM.TCO 501 FILTR,0,3,1
2019,8,AGO,TERMOMETRO DE TANQUE,0,3,0
2019,8,AGO,TORNILLO,0,0,2
2019,8,AGO,TUBO RIGIDO,2,17,0
2019,8,AGO,TUBO RIGIDO CORTO,0,2,0
2019,8,AGO,TUBO RIGIDO LARGO,0,2,0
2019,8,AGO,TUERCA,0,28,0
2019,8,AGO,VISOR INDICADOR DE NIVEL DE ACEITE Y TEMPERATURA,0,1,1
2019,9,SEP,ANILLO/A,15,0,0
2019,9,SEP,BOMBA ACODADA HDT 108 LITROS - ISO,1,0,0
2019,9,SEP,BOMBA ACODADA HDT 84 LTS.,1,0,0
2019,9,SEP,BOMBA HIDRAULICA RECTA HDS 64 LITROS,1,1,0
2019,9,SEP,BOMBA RECTA DARK 52 LTS.,1,0,0
2019,9,SEP,CABLE ACERO PLASTIFICADO,0,1,0
2019,9,SEP,CABLE DE BLOQUE GIRATORIO ELECTRICO DE COLUMNA ,0,1,0
2019,9,SEP,"CARICABATTERIA 10-30 VDC ""VELOCE""",0,2,0
2019,9,SEP,CONTROL REMOTO SCANRECO,0,1,0
2019,9,SEP,DISTRIBUIDOR,0,1,0
2019,9,SEP,FILTRO,11,0,0
2019,9,SEP,FILTRO DE RETORNO,0,8,1
2019,9,SEP,FILTRO DEL ALTA PRESION,0,3,0
2019,9,SEP,FILTRO PRESION,0,1,0
2019,9,SEP,FILTRO RETORNO,0,14,1
2019,9,SEP,GUARDAPOLVO,10,0,0
2019,9,SEP,JUEGO DE FIJACION,1,0,0
2019,9,SEP,KIT PMP. BENT AXIS HDT108S+GOLD 45°,0,1,0
2019,9,SEP,MANGUITO,0,1,0
2019,9,SEP,MANOMETRO INTASAM.FILTRO ART.,24,0,0
2019,9,SEP,MANUAL DE OPERACION Y MANTENIMIENTO,0,2,0
2019,9,SEP,NIVEL DE BURBUJA CODIGO ANTIGUO(8625542),0,0,9
2019,9,SEP,PALANCA MANDO,0,2,0
2019,9,SEP,PALANCAS DE DISTRIBUIDOR,0,8,0
2019,9,SEP,PERNO,1,0,0
2019,9,SEP,PIN,0,1,0
2019,9,SEP,POMO,0,4,0
2019,9,SEP,POMO ERGONOMICO NEGRO ,0,6,0
2019,9,SEP,RETENES 3ERA EXTENSION PROLONGAS 2N63981,1,0,0
2019,9,SEP,SEGURO,0,1,0
2019,9,SEP,SENSORE ANGOLARE ART:DPS-A-V-2,0,3,0
2019,9,SEP,SOPORTE,0,2,0
2019,9,SEP,TAPON,0,18,4
2019,9,SEP,TAPON DE CAÑERIA DE PISTON DE PROLONGAS,0,10,0
2019,9,SEP,TAPON DE TANQUE HIDRAULICO,0,1,0
2019,9,SEP,TAPPO DI RIEMPIM.TCO 501 FILTR,0,6,0
2019,9,SEP,TERMOMETRO DE TANQUE,0,1,0
2019,9,SEP,TIRANTE,10,0,0
2019,9,SEP,TUBO RIGIDO,4,8,2
2019,9,SEP,TUBO RIGIDO LARGO,0,1,0
2019,9,SEP,TUERCA,0,18,0
2019,9,SEP,TUERCA DE PISTON,0,5,0
2019,10,OCT,ARANDELA,1,0,0
2019,10,OCT,BATERIA PARA HETRONIC,0,1,0
2019,10,OCT,BATERIA SCANRECO,0,4,4
2019,10,OCT,CABLE ACERO PLASTIFICADO,0,0,1
2019,10,OCT,CALZ.PEHD ROT.CON.MULT.D.500,1,0,0
2019,10,OCT,CARTER LATO DISTRIBUIDORE A DIS,0,1,0
2019,10,OCT,CILINDRO 6TA EXTENSION,0,1,0
2019,10,OCT,CILINDRO DE CREMALLERA,0,2,0
2019,10,OCT,DIAGRAMA DE CARGA,0,2,1
2019,10,OCT,DISTRIBUIDOR,1,0,0
2019,10,OCT,EJE DE GATO DE APOYO DELANTERO,0,2,0
2019,10,OCT,FILTRO DE RETORNO,0,1,2
2019,10,OCT,FILTRO DEL ALTA PRESION,0,0,1
2019,10,OCT,FILTRO PRESION,0,3,0
2019,10,OCT,FILTRO RETORNO,0,3,3
2019,10,OCT,"GANCHO DE CARGA DE 3,2 TN",0,2,0
2019,10,OCT,GUIA DE EXTENSION,0,8,0
2019,10,OCT,GUIADORES  1ERA EXTENSION 2N59230,0,2,0
2019,10,OCT,JUEGO DE JUNTAS GASKETS SET,0,1,0
2019,10,OCT,KIT DE MATERIALES DE COLUMNA LUMINOSA COMPLETO,0,2,0
2019,10,OCT,KIT DE RETENES,0,1,1
2019,10,OCT,MANOMETRO DE TANQUE,0,2,0
2019,10,OCT,MANUAL DE OPERACION Y MANTENIMIENTO 65,0,3,0
2019,10,OCT,MANUAL DE PIEZAS Y PARTES 65,0,1,0
2019,10,OCT,MANUAL DE PROCEDIMIENTO SOLDADURA,0,3,0
2019,10,OCT,MODULE ELECTRICO DISTRIBUIDOR,0,4,0
2019,10,OCT,MOULO ELLETT.PVEH 157B403700 X,0,4,0
2019,10,OCT,NIVEL DE BURBUJA CODIGO ANTIGUO(8625542),0,4,0
2019,10,OCT,PERNO,1,0,0
2019,10,OCT,PIN,0,0,1
2019,10,OCT,PISTA DESLIZAMIENTO,1,0,0
2019,10,OCT,PLATO DE SOPORTE,0,6,0
2019,10,OCT,REMACHE PLASTICO,0,10,0
2019,10,OCT,RETENES 1ER PISTON DE PROLONGAS,0,1,1
2019,10,OCT,RETENES 2DO PISTON DE PROLONGAS,0,1,1
2019,10,OCT,RETENES 3ERO PISTON DE PROLONGAS,0,1,1
2019,10,OCT,RETENES DE ESTABILIZADORES,0,2,0
2019,10,OCT,RETENES DE GIRO,0,12,0
2019,10,OCT,RONDELLA DI FINITURA D.8*MP07-,0,4,0
2019,10,OCT,RUEDECILLA,0,4,0
2019,10,OCT,SCATOLA INTERFACCIA COL.LUMINO,0,2,0
2019,10,OCT,SEGURO DE EXTENSION,0,4,0
2019,10,OCT,SEGURO DE PIN - MEDIANO,0,1,0
2019,10,OCT,SEGURO GANCHO,0,1,1
2019,10,OCT,SEGUROS,0,8,0
2019,10,OCT,SEMAFORO INDICADOR DE CARGA,0,2,0
2019,10,OCT,SOPORTE M24 X 2,0,12,0
2019,10,OCT,STICKER,0,5,0
2019,10,OCT,TANQUE HIDRAULICO,0,1,0
2019,10,OCT,TAPON,0,2,0
2019,10,OCT,TAPON DE GUIA ,0,2,0
2019,10,OCT,TAPON SOPORTE,0,1,0
2019,10,OCT,TAPPO DI RIEMPIM.TCO 501 FILTR,0,2,0
2019,10,OCT,TERMOMETRO DE TANQUE,0,2,0
2019,10,OCT,TIRANTE,0,12,0
2019,10,OCT,TORNILLO,0,12,0
2019,10,OCT,TUBO RIGIDO,4,21,0
2019,10,OCT,TUBO RIGIDO CORTO,0,1,1
2019,10,OCT,TUBO RIGIDO LARGO,0,0,1
2019,10,OCT,TUERCA,0,16,0
2019,10,OCT,TUERCA DE ANCLAJE M24 X 2,0,24,0
2019,10,OCT,TUERCA SEGURO DE NYLON,0,4,0
2019,10,OCT,VOLANDA,0,16,0
2019,11,NOV,ADAPTADOR DOBLEMANDO,2,0,0
2019,11,NOV,ARANDELA,0,10,0
2019,11,NOV,ASA,0,1,0
2019,11,NOV,AUTOADHESIVO,30,0,0
2019,11,NOV,BATERIA HETRONIC,0,8,4
2019,11,NOV,BATERIA RECARGABLE TIPO ,0,2,0
2019,11,NOV,BATTERIA X RADIO SCANRECO RC400,0,3,0
2019,11,NOV,BOLA,0,1,0
2019,11,NOV,CADENA,1,0,0
2019,11,NOV,CARTER LATO DISTRIBUIDORE A DIS,0,2,0
2019,11,NOV,CILINDRO DE CREMALLERA,0,1,0
2019,11,NOV,DISPOSITIVO DE BLOQUEO,0,2,0
2019,11,NOV,ENGRASADOR,0,2,0
2019,11,NOV,ESTABILIZADOR,3,0,0
2019,11,NOV,FILTRO DE RETORNO,0,1,0
2019,11,NOV,FILTRO DE RETORNO ,0,1,0
2019,11,NOV,FILTRO DE RETORNO  (CRA230CV1SOL01),0,1,0
2019,11,NOV,FILTRO RETORNO,0,1,0
2019,11,NOV,"GANCHO DE CARGA DE 3,2 TN",0,1,0
2019,11,NOV,JUEGO DE FIJACION,1,0,0
2019,11,NOV,KIT DE RETENES,0,2,0
2019,11,NOV,KIT DE RETENES 1ER PISTON DE PROLONGAS,0,1,0
2019,11,NOV,KIT PMP. BENT AXIS HDT108S+GOLD 45°,0,1,0
2019,11,NOV,MANGUITO,0,2,0
2019,11,NOV,MANUAL VIRTUAL DE PIEZAS,0,1,0
2019,11,NOV,MODULOI ELLET.PVEO 157B4902 X P ,0,1,0
2019,11,NOV,MOULO ELLETT.PVEH 157B403700 X,0,2,0
2019,11,NOV,NIVEL DE BURBUJA CODIGO ANTIGUO(8625542),0,2,0
2019,11,NOV,PERNO,1,2,0
2019,11,NOV,PIN DE GANCHO DE CARGA,0,1,0
2019,11,NOV,PISTON,0,1,0
2019,11,NOV,PLACA,0,3,0
2019,11,NOV,PLATO CUADRADO 500X500X60,0,8,0
2019,11,NOV,PLATO DE APOYO 300X300X30 - E65 A 100,0,4,0
2019,11,NOV,PLATO DE APOYO 400X400X50 - E350,0,4,0
2019,11,NOV,POSADOR,0,1,0
2019,11,NOV,RETENES 1ER PISTON DE PROLONGAS,0,1,0
2019,11,NOV,RETENES 2DO PISTON DE PROLONGAS,0,1,0
2019,11,NOV,RETENES 3ERO PISTON DE PROLONGAS,0,1,0
2019,11,NOV,RETENES 4TO PISTON DE PROLONGAS,0,1,0
2019,11,NOV,RETENES DE GIRO,0,3,0
2019,11,NOV,RETENES PISTON EXTENSION ESTABILIZADOR,0,2,0
2019,11,NOV,RONDELLA DI FINITURA D.8*MP07-,0,8,0
2019,11,NOV,RUEDECILLA,0,2,0
2019,11,NOV,SEGURO DE EXTENSION,0,4,0
2019,11,NOV,SEGURO DE PIN - MEDIANO,0,2,0
2019,11,NOV,SEMAFORO,1,0,0
2019,11,NOV,SEPARADOR,0,1,0
2019,11,NOV,SOPORTE DE NIVEL,0,1,0
2019,11,NOV,SRICKER,0,2,0
2019,11,NOV,STICKER,0,20,0
2019,11,NOV,TAPON,0,20,0
2019,11,NOV,TAPON SOPORTE,0,8,0
2019,11,NOV,TERMOMETRO DE TANQUE,0,1,0
2019,11,NOV,TORNILLO,0,4,0
2019,11,NOV,TORNILLO - VTSPEI M 8X25 -5933-10.9 ZINCA,0,2,0
2019,11,NOV,TUBO RIGIDO,5,2,0
2019,11,NOV,TUBO RIGIDO CORTO,0,2,0
2019,11,NOV,TUERCA,0,23,0
2019,11,NOV,VALV. FX57208L03 BLOCCO SFILI,2,0,0
2019,11,NOV,VALVULA,0,3,0
2019,11,NOV,VALVULA (CON TARAJE),0,2,0
2019,11,NOV,VALVULA ELEVACION,0,1,0
2019,11,NOV,VIGUETA,0,1,0
2019,12,DIC,AUTOADHESIVO,2,0,0
2019,12,DIC,BATERIA HETRONIC,0,1,0
2019,12,DIC,BATERIA RECARGABLE TIPO HETRONIC - RACA,0,1,0
2019,12,DIC,BLOQUE DE TUBO,1,0,0
2019,12,DIC,CILINDRO,0,3,0
2019,12,DIC,COLECTOR ELECTRICO,0,1,0
2019,12,DIC,CONTRASTO MICRO ZINC. A DIS.,3,0,0
2019,12,DIC,DISTRIBUIDOR,0,1,0
2019,12,DIC,DISTRIBUIDOR 855,0,1,0
2019,12,DIC,FILTRO DE PRESION,0,1,0
2019,12,DIC,FILTRO DE RETORNO,0,3,0
2019,12,DIC,FILTRO DE RETORNO CRE150CD1,0,1,0
2019,12,DIC,FILTRO DEL ALTA PRESION,0,2,0
2019,12,DIC,FILTRO PRESION,0,1,0
2019,12,DIC,FILTRO RETORNO,0,7,0
2019,12,DIC,INTERCAMBIADOR,0,2,0
2019,12,DIC,MOTORIDUCTOR,0,1,0
2019,12,DIC,MOULO ELLETT.PVEH 157B403700 X,0,2,0
2019,12,DIC,PALANCA MANDO,0,4,0
2019,12,DIC,PALANCAS DE DISTRIBUIDOR,0,16,0
2019,12,DIC,PERNO,0,2,0
2019,12,DIC,PISTA DESLIZAMIENTO,0,4,0
2019,12,DIC,POMO,0,8,0
2019,12,DIC,POMO ERGONOMICO NEGRO ,0,7,0
2019,12,DIC,RACORE,0,14,0
2019,12,DIC,SEAL KIT DE ESTABILIZADOR POSTERIOR,0,2,0
2019,12,DIC,SEGUROS,0,40,0
2019,12,DIC,STICKER,0,1,0
2019,12,DIC,TAPPO DI RIEMPIM.TCO 501 FILTR,0,2,0
2019,12,DIC,TERMOMETRO DE TANQUE,0,2,0
2019,12,DIC,TORNILLO,4,0,0
2019,12,DIC,TUBO RIGIDO,1,25,0
2019,12,DIC,TUERCA,0,20,0
2019,12,DIC,VALVULA,0,12,0
2020,1,ENE,ADAPTADOR,,,2
2020,1,ENE,ALARMA DE GIRO 97 DB,,,1
2020,1,ENE,ANTENA RADIO,0,1,0
2020,1,ENE,BATERIA HETRONIC,0,2,0
2020,1,ENE,BATERIA HETRONIC ALTERNATIVO,,,1
2020,1,ENE,BATTERIA X RADIO SCANRECO RC400,0,1,0
2020,1,ENE,BOBINA ELECTROMAGNETICA CON DMU,,,2
2020,1,ENE,BOBINA PRINCIPAL,,,1
2020,1,ENE,CADENA DE ESTABILIZADOR POSTERIOR ,0,1,0
2020,1,ENE,CAÑERIA,,,2
2020,1,ENE,CARGADOR PARA BATERIA,0,1,0
2020,1,ENE,CILINDRO T52E63122EFFER,0,1,0
2020,1,ENE,CONTROL REMOTO SCANREC RC400 - TNF BRO KT442 - SERIE 941497,,,1
2020,1,ENE,ESPESOR ,,,2
2020,1,ENE,ESTABILIZADOR IZQ. STICKER,,,2
2020,1,ENE,FILTRO DE AIRE,,,2
2020,1,ENE,FILTRO DE PRESION,0,2,0
2020,1,ENE,FILTRO DE PRESION ,,,6
2020,1,ENE,FILTRO DE RETORNO,0,2,4
2020,1,ENE,FILTRO DE RETORNO ,,,1
2020,1,ENE,FILTRO DE RETORNO CRE150CD1,0,2,0
2020,1,ENE,FILTRO DEL ALTA PRESION,0,1,0
2020,1,ENE,FILTRO PRESION,0,1,0
2020,1,ENE,FILTRO RETORNO,0,5,1
2020,1,ENE,GRUPO DE STICKERS ,,,1
2020,1,ENE,GUIADORES  1ERA EXTENSION 2N59230,0,1,0
2020,1,ENE,KIT PMP. BENT AXIS HDT108S+GOLD 45°,0,1,0
2020,1,ENE,MODULOI ELLET.PVEO 157B4902 X P ,0,1,0
2020,1,ENE,ORING,,,3
2020,1,ENE,PERNO EXTERIOR DE COLUMNA DE TORNAMESA,,,1
2020,1,ENE,PIN,,,1
2020,1,ENE,PRESOSTATO,,,1
2020,1,ENE,RADIOMANDO NOVA XL RC 2744 ,0,2,0
2020,1,ENE,RADIOMANDO SCANRECO,0,4,0
2020,1,ENE,RETEN DE ESTABILIZADORES,,,1
2020,1,ENE,RETENES DE ESTABILIZADORES,0,1,0
2020,1,ENE,SCAMBIATOR.CALORE ASA-OKO40-5,0,1,0
2020,1,ENE,SCATOLA INTERFACCIA COL.LUMINO,0,2,0
2020,1,ENE,SENSOR DE ANGULO,,,1
2020,1,ENE,SENSORE ANGOLARE ART:DPS-A-V-2,0,1,0
2020,1,ENE,SIRENA-BUZZER DMU,0,1,0
2020,1,ENE,SOPORTE,,,4
2020,1,ENE,TABLA DE CARGA STICKER,,,2
2020,1,ENE,TAPPO DI RIEMPIM.TCO 501 FILTR,0,3,0
2020,1,ENE,TORNILLO,0,1,0
2020,1,ENE,TORNILLO ,,,4
2020,1,ENE,TRASDUCTOR DE PRESION,0,1,0
2020,1,ENE,TUBO RIGIDO,0,6,0
2020,1,ENE,TUERCA DE PERNO DE TORNAMESA,,,1
2020,1,ENE,VALVULA,,,1
2020,1,ENE,VISOR INDICADOR DE NIVEL DE ACEITE Y TEMPERATURA,0,1,0
2020,2,FEB,BOBINA CON DMU,,,1
2020,2,FEB,CAJA DE INTERFAZ DE COLUMNA,,,1
2020,2,FEB,ELECTROVALVULA DE 24V,,,1
2020,2,FEB,FILTRO DE AIRE,,,2
2020,2,FEB,FILTRO DE PRESION ,,,7
2020,2,FEB,FILTRO DE RETORNO,,,4
2020,2,FEB,JUEGO DE JUNTAS,,,1
2020,2,FEB,LENGÜETA DE GANCHO DE CARGA (D8),,,1
2020,2,FEB,NIPLE CONECTOR,,,3
2020,2,FEB,PERNO DE DESCANSO DE COLUMNA,,,1
2020,2,FEB,PERNO EXTERIOR DE COLUMNA DE TORNAMESA,,,15
2020,2,FEB,PRESOSTATO,,,8
2020,2,FEB,SENSOR DE ANGULO,,,2
2020,2,FEB,SENSOR ON/OFF,,,1
2020,2,FEB,TUERCA DE PERNO DE TORNAMESA,,,15
2020,2,FEB,VALVULA DE GATO DELANTERO,,,1
2020,2,FEB,VISOR DE ACEITE ,,,2
2020,3,MAR,ARANDELA,,,24
2020,3,MAR,CAÑERIA DE LADO PISTON T3,,,1
2020,3,MAR,CAÑERIA DE LADO PISTON T5,,,1
2020,3,MAR,CONTROL REMOTO SCANRECO RC400 12V,,,1
2020,3,MAR,FILTRO DE AIRE,,,2
2020,3,MAR,FILTRO DE PRESION ,,,1
2020,3,MAR,FILTRO DE RETORNO,,,3
2020,3,MAR,KIT DE RETENES 1RO PISTON DE PROLONGAS,,,1
2020,3,MAR,KIT DE RETENES 2DO PISTON DE PROLONGAS,,,1
2020,3,MAR,KIT DE RETENES 3TO PISTON DE PROLONGAS,,,1
2020,3,MAR,KIT DE RETENES 4TO PISTON DE PROLONGAS,,,1
2020,3,MAR,KIT DE RETENES 5TO PISTON DE PROLONGAS,,,1
2020,3,MAR,KIT DE RETENES 6TO PISTON DE PROLONGAS,,,1
2020,3,MAR,PERNO,,,12
2020,3,MAR,RETEN GATO DELANTERO,,,1
2020,3,MAR,TUBO RIGIDO,,,3
2020,3,MAR,TUERCA   ,,,12
2020,6,JUN,ADAPTADOR,,,2
2020,6,JUN,ARANDELA,,,4
2020,6,JUN,BATERIA HETRONIC ALTERNATIVO,,,4
2020,6,JUN,CARTRIDGE HYDRAULIC,,,1
2020,6,JUN,CILINDRO,,,1
2020,6,JUN,FILTRO DE PRESION ,,,2
2020,6,JUN,FILTRO DE RETORNO,,,2
2020,6,JUN,LENGÜETA DE GANCHO DE CARGA,,,1
2020,6,JUN,"LLAVE DE PASO 2""",,,1
2020,6,JUN,SEMAFORO,,,1
2020,6,JUN,SENSOR DE ANGULO,,,1
2020,6,JUN,SOPORTE,,,1
2020,6,JUN,TANQUE HIDRAULICO,,,1
2020,6,JUN,TERMOSTATO,,,1
2020,6,JUN,TORNILLO,,,4
2020,6,JUN,TUERCA,,,4
2020,6,JUN,VARILLAS GUIADORAS DE MANGUERA,,,2
2020,6,JUN,VENTILADOR ELECTRICO,,,2
2020,7,JUL,ANTENA HETRONIC,,,1
2020,7,JUL,CADENA DE ESTABILIZADOR POSTERIOR,,,2
2020,7,JUL,CARTRIDGE HYDRAULIC,,,2
2020,7,JUL,ELECTROVALVULA,,,1
2020,7,JUL,FILTER RETURN,,,6
2020,7,JUL,FILTRO DE AIRE,,,3
2020,7,JUL,FILTRO DE PRESION ,,,3
2020,7,JUL,FILTRO DE RETORNO,,,3
2020,7,JUL,PERNOS DE SUJECCION DE PLATAFORMAS,,,6
2020,7,JUL,PLATO DE POLIETILENO CON ROTULA,,,2
2020,7,JUL,RETEN GATO DELANTERO 855,,,1
2020,7,JUL,VALVULA 100 BAR,,,1
2020,7,JUL,VALVULA BASCULANTE 350 BAR,,,1
2020,8,AGO,DISPOSITIVO REGRESO VASTO,,,1
2020,8,AGO,ELECTROVALVULA,,,1
2020,8,AGO,FILTRO DE AIRE,,,1
2020,8,AGO,FILTRO DE PRESION,,,4
2020,8,AGO,FILTRO DE PRESION ,,,1
2020,8,AGO,FILTRO DE RETORNO,,,1
2020,8,AGO,LENGÜETA DE GANCHO DE CARGA (D8),,,1
2020,8,AGO,NIVEL DE BURBUJA,,,1
2020,8,AGO,PERNO SOPORTE BRAZO,,,3
2020,8,AGO,VENTILADOR ELECTRICO,,,1
2020,9,SET,CONTROL REMOTO SCANRECO RC400  - 12V - KT444 - 894475,,,1
2020,9,SET,CONTROL REMOTO SCANRECO RC400 - SERIE UU027,,,1
2020,9,SET,CONTROL REMOTO SCANRECO RC400 UU025 - 1009729,,,1
2020,9,SET,FILTRO DE PRESION,,,7
2020,9,SET,FILTRO DE RETORNO,,,10
2020,9,SET,FILTRO HIDRAULICO,,,1
2020,9,SET,GUIA O ARTICULACION,,,1
2020,9,SET,KIT DE SELLOS DE CAJA DE VALVULA,,,2
2020,9,SET,LENGÜETA DE GANCHO (D6),,,1
2020,9,SET,LENGÜETA DE GANCHO DE CARGA,,,1
2020,9,SET,MANDO NEUMATICO DE ENCROCHE,,,1
2020,9,SET,MANOMETRO,,,1
2020,9,SET,PALANCA DE CONTROL O VALVULA SELECTORA,,,1
2020,9,SET,PERNO,,,11
2020,9,SET,PRESSURE TRANSDUCER,,,2
2020,9,SET,SEAL KIT DE ESTABILIZADORES DELANTEROS,,,2
2020,9,SET,SEAL KIT DE ESTABILIZADORES POSTERIORES,,,2
2020,9,SET,SEGUROS O SPINA ELAST,,,2
2020,9,SET,TAPON DE TANQUE,,,1
2020,9,SET,TRANSDUCTOR DE PRESION,,,1
2020,9,SET,TUERCA,,,11
2020,10,OCT,ANTENA HETRONIC,,,1
2020,10,OCT,BATERIA HETRONIC ALTERNATIVO,,,3
2020,10,OCT,BATERIA RECARGABLE TIPO SCANRECO,,,1
2020,10,OCT,BOMBA HIDRAULICA DE  108 LTS ACODADA - 10891041083,,,1
2020,10,OCT,"CARROCERIA.- LA: 6.30M, AN: 2.60M, AL: 0.80M, SERIE: SI-2008174",,,1
2020,10,OCT,CONTROL REMOTO SCANRECO RC400 - TMF CRH - DU023 - SERIE 956600,,,1
2020,10,OCT,CONTROL REMOTO SCANRECO RC400 TMF CRH - DU020 - SERIE 990060,,,1
2020,10,OCT,ENFRIADOR DE ACEITE 8919916 SERIE 17958082/ 8,,,1
2020,10,OCT,ESTABILIZADOR POSTERIOR MAXISTAB 5 EXHA/S-P SERIE 58229 / 202,,,1
2020,10,OCT,FILTRO DE AIRE,,,3
2020,10,OCT,FILTRO DE AIRE - TAPON DE TANQUE,,,2
2020,10,OCT,FILTRO DE PRESION,,,4
2020,10,OCT,FILTRO DE RETORNO,,,4
2020,10,OCT,GANCHO DE CARGA DE 22 TN,,,1
2020,10,OCT,HOROMETRO,,,2
2020,10,OCT,JUEGO DE RETENES,,,2
2020,10,OCT,MANGUERA HIDRAULICA,,,2
2020,10,OCT,MANOMETRO,,,2
2020,10,OCT,NIPLE HIDRAULICO,,,4
2020,10,OCT,VALVULA 100 BARES,,,1
2020,10,OCT,VISOR DE ACEITE ,,,2
2020,11,ENEENE,ARANDELA,,,2
2020,11,ENEENE,BLOQUEO DE EXTENSION,,,1
2020,11,ENEENE,COMPONENTE DE MOTOR DE GIRO,,,1
2020,11,ENEENE,CONTROL REMOTO SCANREC RC400 - TNF BRO UU033 - SERIE 996189,,,1
2020,11,ENEENE,CONTROL REMOTO SCANRECO RC400 - ET504 - 956596,,,1
2020,11,ENEENE,DISPOSITIVO DE RETORNO DEL VASTAGO,,,1
2020,11,ENEENE,DISTRIBUIDOR HAWE ,,,1
2020,11,ENEENE,ENFRIADOR DE ACEITE 4400303 SERIE 1794743/ 5,,,1
2020,11,ENEENE,ESTABILIZADOR POSTERIOR MAXISTAB 2 EHA K SP SERIE 58213 / 2020,,,1
2020,11,ENEENE,FILTRO DE AIRE,,,1
2020,11,ENEENE,FILTRO DE AIRE - TAPON DE TANQUE,,,1
2020,11,ENEENE,FILTRO DE PRESION,,,5
2020,11,ENEENE,FILTRO DE RETONO,,,1
2020,11,ENEENE,FILTRO DE RETORNO,,,3
2020,11,ENEENE,FILTRO DE RETORNO ,,,1
2020,11,ENEENE,FILTRO DE RETORNO (CRE015MN1),,,1
2020,11,ENEENE,GRAPAS FLEX,,,4
2020,11,ENEENE,HOROMETRO,,,1
2020,11,ENEENE,MANOMETRO,,,1
2020,11,ENEENE,PERNO,,,1
2020,11,ENEENE,SEMAFORO - FARO DE ADVERTENCIA ,,,1
2020,11,ENEENE,SENSOR DE ANGULO,,,1
2020,11,ENEENE,TUERCA,,,1
2020,11,ENEENE,VISOR DE ACEITE ,,,1
2020,12,ENE/02/202ENE,ABRAZADERA,,,3
2020,12,ENE/02/202ENE,ADHESIVO DE POMELLOS,,,8
2020,12,ENE/02/202ENE,ARANDELA,,,5
2020,12,ENE/02/202ENE,BATERIA HETONIC - ALTERNATIVO,,,1
2020,12,ENE/02/202ENE,CONTROL REMOTO HETRONIC,,,1
2020,12,ENE/02/202ENE,CONTROL REMOTO SCANRECO UU026 - 1009758,,,1
2020,12,ENE/02/202ENE,CUBIERTA,,,2
2020,12,ENE/02/202ENE,FILTRO DE AIRE,,,3
2020,12,ENE/02/202ENE,FILTRO DE PRESION,,,3
2020,12,ENE/02/202ENE,FILTRO DE RETORNO,,,3
2020,12,ENE/02/202ENE,FOCO DE SEMAFORO 9395297,,,2
2020,12,ENE/02/202ENE,GUARDA L.700,,,1
2020,12,ENE/02/202ENE,GUIADOR DE MANGUERA,,,1
2020,12,ENE/02/202ENE,MANGO REGONOMICO ROJO,,,2
2020,12,ENE/02/202ENE,MANGUERA DE 5/16,,,2
2020,12,ENE/02/202ENE,MANOMETRO DE TANQUE,,,1
2020,12,ENE/02/202ENE,NIVEL DE BURBUJA,,,1
2020,12,ENE/02/202ENE,PERNO,,,2
2020,12,ENE/02/202ENE,PERNO DE SOPORTE DE BRAZO,,,1
2020,12,ENE/02/202ENE,PERNO EXTERIOR DE COLUMNA DE TORNAMESA,,,2
2020,12,ENE/02/202ENE,PERNO M10X120,,,1
2020,12,ENE/02/202ENE,PERNO M6X16,,,6
2020,12,ENE/02/202ENE,PERNO M6X18,,,2
2020,12,ENE/02/202ENE,PERNO M6X20,,,4
2020,12,ENE/02/202ENE,PERNO M8X20,,,2
2020,12,ENE/02/202ENE,PERNO M8X25,,,3
2020,12,ENE/02/202ENE,PIN CILINDRO,,,1
2020,12,ENE/02/202ENE,PLATINA,,,4
2020,12,ENE/02/202ENE,PRISIONERO DE PIN,,,2
2020,12,ENE/02/202ENE,SEGURO,,,3
2020,12,ENE/02/202ENE,SEMAFORO / SEMAFORO  DE ADVERTENCIA,,,1
2020,12,ENE/02/202ENE,SWITCH FINAL DE CARRERA,,,4
2020,12,ENE/02/202ENE,TABLA CARGA HORIZONTAL 35/3S,,,1
2020,12,ENE/02/202ENE,TUERCA,,,5
2020,12,ENE/02/202ENE,TUERCA DE PERNO DE TORNAMESA,,,2
2020,12,ENE/02/202ENE,VALVULA CHECK CROSSOVER,,,1
2020,12,ENE/02/202ENE,VISOR DE ACEITE ,,,2
2020,12,ENE/02/202ENE,VOLANDA,,,1
2021,1,ENE,ABRAZADERA 7/16 PULG,,,1
2021,1,ENE,BATERIA RECARGABLE TIPO HETRONIC ALTERNATIVA,,,1
2021,1,ENE,BOMBA HIDRAULICA ACODADA 64 LTS,,,1
2021,1,ENE,CARGADOR DE BATERIA RECARGABLE HETRONIC,,,1
2021,1,ENE,ELECTROVALVULA,,,3
2021,1,ENE,FILTRO DE AIRE,,,3
2021,1,ENE,FILTRO DE PRESION,,,11
2021,1,ENE,FILTRO DE RETORNO,,,5
2021,1,ENE,KIT DE RETENES DE ESTABILIZADOR DELANTERO,,,1
2021,1,ENE,LENGÜETA DE GANCHO (D6),,,2
2021,1,ENE,LIMITADOR DE CARGA CLG-SL,,,1
2021,1,ENE,MANGUERA,,,4
2021,1,ENE,MANGUERA 7/16 PULG,,,1
2021,1,ENE,MANOMETRO,,,3
2021,1,ENE,MOTOREDUCTOR COMPLETO,,,1
2021,1,ENE,PERNO DE SOPORTE DE DESCANSO DE GRUA,,,1
2021,1,ENE,PERNO SOPORTE DE BRAZO,,,3
2021,1,ENE,SEGURO DE PIN,,,2
2021,1,ENE,SOPORTE DE CAÑERIAS,,,6
2021,1,ENE,SOPORTE DE CAÑERIAS DE PROLONGAS,,,4
2021,1,ENE,STICKER,,,2
2021,1,ENE,TOMA DE FUERZA PARA CAJA HINO,,,1
2021,1,ENE,TRANSDUCTOR DE PRESION,,,1
2021,1,ENE,TRANSDUCTOR DE PRESION 0-400 bar G1 / 4 4-20 Ma,,,1
2021,1,ENE,VALVULA 100 BARES,,,1
2021,1,ENE,VALVULA DE GATO DE APOYO DELANTERO,,,2
2021,1,ENE,VISOR DE ACEITE,,,1
2021,1,ENE,VISOR NIVEL DE ACEITE,,,1
2021,2,FEB,AJUSTE DE JEBE DE CONTROL REMOTO CON PERNO,,,14
2021,2,FEB,ALMOHADILLA,,,4
2021,2,FEB,ANTENA DE RECEPTOR,,,1
2021,2,FEB,BATERIAS SCANRECO,,,2
2021,2,FEB,BLOQUE DE DISTRIBUIDOR,,,1
2021,2,FEB,CABLE SERIAL P/N 47545,,,1
2021,2,FEB,CARGADOR DE BATERIAS SCANRECO TYPE 434,,,1
2021,2,FEB,CERTIFICACION SCANRECO AB,,,1
2021,2,FEB,CONECTOR,,,3
2021,2,FEB,CONTROL REMOTO SCANRECO RC400 24V - CU548 - 1071993,,,1
2021,2,FEB,CORREA DE CONTROL REMOTO ,,,1
2021,2,FEB,DIAGRAMA DE CONTROL SCANRECO,,,1
2021,2,FEB,DISPOSITIVO REGRESO VASTAGO,,,1
2021,2,FEB,FICHA TECNICA BLOQUE HIDRAULICO,,,1
2021,2,FEB,FILTER RETURN,,,1
2021,2,FEB,FILTRO DE AIRE,,,1
2021,2,FEB,FILTRO DE BLOQUE DE DISTRIBUIDOR TIPO CAMPANA,,,1
2021,2,FEB,FILTRO DE PRESION,,,1
2021,2,FEB,FILTRO DE RETORNO,,,3
2021,2,FEB,GUIA - LIMITADOR DE ANGULO,,,1
2021,2,FEB,LENGÜETA DE GANCHO DE CARGA (D6),,,1
2021,2,FEB,MANOMETRO,,,1
2021,2,FEB,MANUAL DE INSTALACION DE BLOQUE HIDRAULICO MULTIFUNCION MOD10,,,1
2021,2,FEB,MANUAL DE PROGRAMACION RC400,,,1
2021,2,FEB,MANUAL DE USUARIO SYSTEM RC400,,,1
2021,2,FEB,PERNO DE SOPORTE DE DESCANSO,,,1
2021,2,FEB,PERNO EXTERIOR DE COLUMNA DE TORNAMESA,,,48
2021,2,FEB,PERNO HEXAGONAL M22X150,,,3
2021,2,FEB,PERNOS,,,12
2021,2,FEB,RECEPTOR SCANRECO TMF BRO CU548 - 1037920,,,1
2021,2,FEB,SEGURO DE BLOQUE DE DISTRIBUIDOR,,,4
2021,2,FEB,SOPORTE DE CAÑERIAS,,,4
2021,2,FEB,STICKERS DE MANDO,,,1
2021,2,FEB,TUERCA DE PERNO DE TORNAMESA,,,48
2021,2,FEB,TUERCA PARA PERNO M22,,,3
2021,2,FEB,VALVULA 100 BARES,,,1
2021,2,FEB,VALVULA DE DISTRIBUIDOR ,,,1
2021,3,MAR,AJUSTE DE JEBE DE CONTROL REMOTO CON PERNO,,,14
2021,3,MAR,ANTENA DE RECEPTOR,,,3
2021,3,MAR,ARANDELA,,,2
2021,3,MAR,BATERIA ALTERNATIVA - HETRONIC,,,2
2021,3,MAR,BATERIAS SCANRECO,,,6
2021,3,MAR,BLOQUE DE DISTRIBUIDOR,,,1
2021,3,MAR,BOBINA DE 24V,,,1
2021,3,MAR,BOMBA HIDRAULICA BEZARES DE 110 LTS COD. 5041606 - 2004476011,,,1
2021,3,MAR,BOMBA HIDRAULICA OMFB DE 55 LTS - COD. 108-015-05545,,,1
2021,3,MAR,CABLE SERIAL CONTROL - GRUA,,,2
2021,3,MAR,CABLE SERIAL P/N 47545,,,1
2021,3,MAR,CAÑERIA,,,1
2021,3,MAR,CARGADOR DE BATERIAS SCANRECO,,,1
2021,3,MAR,CARGADOR DE BATERIAS SCANRECO TYPE 434,,,2
2021,3,MAR,CERTIFICACION SCANRECO AB,,,1
2021,3,MAR,CERTIFICADO DE GANCHO,,,2
2021,3,MAR,CERTIFICADO DE GARANTIA,,,2
2021,3,MAR,CILINDROS DE APOYO DELANTEROS,,,2
2021,3,MAR,CONECTOR,,,1
2021,3,MAR,CONTROL REMOTO SCANRECO - SERIE 990053,,,1
2021,3,MAR,CONTROL REMOTO SCANRECO RC400 - SERIAL CU550 - SERIE 1072203,,,1
2021,3,MAR,CONTROL REMOTO SCANRECO RC400 - SS111 - SERIE 830534,,,1
2021,3,MAR,CORREA DE CONTROL REMOTO,,,1
2021,3,MAR,CORREA DE CONTROL REMOTO - CINTURA,,,2
2021,3,MAR,CORREA DE CONTROL REMOTO - CUELLO,,,2
2021,3,MAR,DECLARACION DE CONFORMIDAD FABER-COM,,,1
2021,3,MAR,DECLARACION DE CONFORMIDAD SCANRECO,,,3
2021,3,MAR,DECLARACION DE INCORPORACION CUASI-MAQUINA,,,1
2021,3,MAR,DECLARACION DE INCORPORACION DE CUASI MAQUINA,,,2
2021,3,MAR,DECLARACION DE INSTALACION DEL SISTEMA DE RADIOCOMANDO,,,1
2021,3,MAR,DECLARACION DE INTALACION DE SITEMA HIDRAULICO,,,1
2021,3,MAR,DIAGRAMA DE CARGA 150 A 2 METROS,,,2
2021,3,MAR,DIAGRAMA DE CARGA 655 A 2 METROS,,,2
2021,3,MAR,DIAGRAMA DE CONTROL SCANRECO,,,3
2021,3,MAR,ENFRIADOR DE ACEITE 4400303 - SERIE 17958082/7,,,1
2021,3,MAR,ENFRIADOR DE ACEITE 89199117 SERIE 17117997/ 1,,,1
2021,3,MAR,ESTABILIZADOR POSTERIOR MAXISTAB 5 ELHA/S-P SERIE 58227/2020,,,2
2021,3,MAR,"FARO LED - SEMAFORO (VERDE, AMBAR Y ROJO)",,,1
2021,3,MAR,FARO LED - SEMAFORO NEGRO,,,1
2021,3,MAR,FICHA TECNICA BLOQUE HIDRAULICO,,,1
2021,3,MAR,FILTRO DE ACEITE,,,2
2021,3,MAR,FILTRO DE BLOQUE DE DISTRIBUIDOR - TIPO CAMPANA,,,1
2021,3,MAR,FILTRO DE PRESION,,,1
2021,3,MAR,"GANCHO DE CARGA DE 11,5 TN - SERIE F-VW",,,1
2021,3,MAR,GANCHO DE CARGA DE 22 TN - SERIE F-UM,,,1
2021,3,MAR,GANCHO DE CARGA DE 8 TN - SERIE F-TU,,,1
2021,3,MAR,GATOS DE APOYO DELANTERO,,,4
2021,3,MAR,GRUA HIDRAULICA ARTICULADA EFFER 150/3S -  SERIE 100027768,,,1
2021,3,MAR,GRUA HIDRAULICA ARTICULADA EFFER 655/8S - SERIE 100029446,,,1
2021,3,MAR,GUIA DE PROLONGA,,,1
2021,3,MAR,HOROMETRO,,,1
2021,3,MAR,HOROMETRO ,,,1
2021,3,MAR,JUEGO DE STICKERS,,,2
2021,3,MAR,LENGÜETA (D6) DE GANCHO DE CARGA,,,2
2021,3,MAR,LENGÜETA DE GANCHO DE CARGA (D7),,,1
2021,3,MAR,LENGÜETA DE GANCHO DE CARGA (D8),,,1
2021,3,MAR,LLAVE DE ENCENDIDO GENERAL,,,2
2021,3,MAR,LLAVE SELECTORA DE GRUA   ,,,1
2021,3,MAR,MANDO NEUMATICO DE ENCROCHE,,,1
2021,3,MAR,MANGO ERGONOMICO,,,1
2021,3,MAR,MANOMETRO,,,2
2021,3,MAR,MANUAL DATA MONITOR UNIT (DMU) 3000 PLUS,,,1
2021,3,MAR,MANUAL DE CONTROL REMOTO SCANRECO RC 400,,,1
2021,3,MAR,MANUAL DE CONTROL REMOTO SCANRECO RC400,,,1
2021,3,MAR,MANUAL DE INSTALACION DE BLOQUE HIDRAULICO MULTIFUNCION MOD10,,,1
2021,3,MAR,MANUAL DE OPERADOR,,,1
2021,3,MAR,MANUAL DE OPERADOR ,,,1
2021,3,MAR,MANUAL DE PIEZAS Y PARTES 150,,,1
2021,3,MAR,MANUAL DE PIEZAS Y PARTES 655,,,1
2021,3,MAR,MANUAL DE PROGRAMACION RC400,,,1
2021,3,MAR,MANUAL DE USUARIO - SYSTEM RC400,,,1
2021,3,MAR,NIVEL DE BURBUJA,,,4
2021,3,MAR,PALANCA DE MANDO EXTRA,,,9
2021,3,MAR,PARADA DE EMERGENCIA,,,2
2021,3,MAR,PARADA DE EMERGENCIA  ,,,1
2021,3,MAR,PARADA DE EMERGENCIA + DMU 3000,,,1
2021,3,MAR,PERNO DE SOPORTE DE DESCANSO,,,1
2021,3,MAR,PERNO EXAGONAL M22X150,,,15
2021,3,MAR,PIN DE GANCHO DE CARGA,,,2
2021,3,MAR,PIN MANUAL,,,2
2021,3,MAR,PLATOS CUADRADOS 500 X 500 X 60,,,4
2021,3,MAR,POLIN DE GANCHO,,,1
2021,3,MAR,RECEPTOR SCANRECO - SERIE 980425,,,1
2021,3,MAR,RECEPTOR SCANRECO RC400 - SS111 - SERIE 839504,,,1
2021,3,MAR,RECEPTOR SCANRECO SERIAL CU550 - SERIE 1037910,,,1
2021,3,MAR,SEGURO DE BLOQUE DE DISTRIBUIDOR,,,4
2021,3,MAR,SEGURO DE PIN DE GANCHO DE CARGA,,,4
2021,3,MAR,SEGURO PIN DE ESTABILIZADOR,,,2
2021,3,MAR,SENSOR DE ANGULO,,,1
2021,3,MAR,STICKERS DE MANDO,,,1
2021,3,MAR,TANQUE DE ACEITE,,,2
2021,3,MAR,TRANSDUCTOR,,,2
2021,3,MAR,VALVULA 170/380 BAR,,,1
2021,3,MAR,VALVULA DE DISTRIBUIDOR - COD. A5000020011-VH0618,,,1
2021,3,MAR,VISOR DE ACEITE,,,1
2021,3,MAR,VISOR DE ACEITE ,,,1
2021,4,ABR,ANTENA DE RECEPTOR,,,3
2021,4,ABR,BATERIA HETRONIC 3.6V / 1.2Ah,,,2
2021,4,ABR,BATERIA HETRONIC 3.6V/ 2.0 Ah,,,1
2021,4,ABR,BATERIAS SCANRECO ,,,5
2021,4,ABR,BOMBA HIDROCAR DE 108 LTS ACODADA - 201FX108DSE - 17012840,,,1
2021,4,ABR,BOMBA HIDROCAR DE 108 LTS ACODADA - 201FX108DSE - 17024974 ,,,1
2021,4,ABR,BOMBA PARKER DE 81 LTS ACODADA - 20392944 - 201706260928 ,,,1
2021,4,ABR,CABLE SERIAL CONTROL - GRUA,,,3
2021,4,ABR,CARGADOR DE BATERIA RECARGABLE HETRONIC,,,1
2021,4,ABR,CARGADOR DE BATERIAS SCANRECO TYPE,,,3
2021,4,ABR,"CARROCERIA.- LA: 6.30M, AN: 2.60M, AL: 0,60, SERIE: SI-2010175",,,1
2021,4,ABR,CERTIFICADO DE GARANTIA,,,3
2021,4,ABR,CONTROL REMOTO (HETRONIC),,,1
2021,4,ABR,CONTROL REMOTO SCANRECO RC400 - TMF CRH - AU536 - SERIE 1064522,,,1
2021,4,ABR,CONTROL REMOTO SCANRECO RC400 - TMF CRH - DU021 - SERIE 990052,,,1
2021,4,ABR,CORREA DE CONTROL REMOTO - CINTURA,,,3
2021,4,ABR,CORREA DE CONTROL REMOTO - CUELLO,,,3
2021,4,ABR,DECLARACION DE CONFORMIDAD SCANRECO,,,3
2021,4,ABR,DECLARACION DE INCORPORACION DE CUASI MAQUINA,,,3
2021,4,ABR,DECLARACION DE INSTALACION DEL SISTEMA DE RADIOCOMANDO,,,3
2021,4,ABR,DIAGRAMA DE CARGA 655 /8S,,,2
2021,4,ABR,DIAGRAMA DE CARGA 855 A 2 METROS,,,4
2021,4,ABR,DIAGRAMA DE CONTROL SCANRECO,,,5
2021,4,ABR,ELECTROVALVULA PRINCIPAL,,,1
2021,4,ABR,ENFRIADOR DE ACEITE 8919916 SERIE 17947493/ 8 - 2019,,,1
2021,4,ABR,ENFRIADOR DE ACEITE 8919916 SERIE 18400894/ 20,,,1
2021,4,ABR,ENFRIADOR DE ACEITE 8919916 SERIE 18458859/ 20,,,1
2021,4,ABR,ESTABILIZADOR POSTERIOR MAXISTAB 5 ELHA/S-P SERIE 58228 / 2020,,,1
2021,4,ABR,ESTABILIZADOR POSTERIOR MAXISTAB 5 EXHA/S-P SERIE 60493 / 2020,,,1
2021,4,ABR,ESTABILIZADOR POSTERIOR MAXISTAB 5 EXHA/S-P SERIE 60494 / 2020,,,1
2021,4,ABR,FARO LED DE ADVERTENCIA - SEMAFORO NEGRO AD00117_0,,,3
2021,4,ABR,GANCHO DE CARGA DE 16 TN - SERIE F-VX,,,1
2021,4,ABR,"GANCHO DE CARGA DE 31,5 TN - SERIE F-YK",,,2
2021,4,ABR,GATOS DE APOYO DELANTERO,,,6
2021,4,ABR,GRUA HIDRAULICA ARTICULADA EFFER 655 / 8S -  SERIE 100029539,,,1
2021,4,ABR,GRUA HIDRAULICA ARTICULADA EFFER 855 -  SERIE 100030298,,,1
2021,4,ABR,GRUA HIDRAULICA ARTICULADA EFFER 855 / 8S -  SERIE 100030367,,,1
2021,4,ABR,HOROMETRO 9394458,,,3
2021,4,ABR,KIT DE RETENES  ,,,1
2021,4,ABR,LLAVE ANTIVUELCO,,,3
2021,4,ABR,LLAVE ENCENDIDO GENERAL,,,4
2021,4,ABR,LLAVE SELECTORA GRUA - ESTABILIZADOR,,,4
2021,4,ABR,MANOMETRO 8919354,,,3
2021,4,ABR,MANUAL DATA MONITOR UNIT (DMU) 3000 PLUS,,,3
2021,4,ABR,MANUAL DE CONTROL REMOTO SCANRECO RC400,,,7
2021,4,ABR,MANUAL DE OPERADOR ,,,3
2021,4,ABR,MANUAL DE PIEZAS Y PARTES 655,,,1
2021,4,ABR,MANUAL DE PIEZAS Y PARTES 855,,,2
2021,4,ABR,NIVEL DE BURBUJA,,,6
2021,4,ABR,PALANCA DE MANDO EXTRA,,,12
2021,4,ABR,PARADA DE EMERGENCIA + DMU 3000,,,6
2021,4,ABR,PIN DE GANCHO DE CARGA,,,3
2021,4,ABR,PIN DE SUJECCION DE GATOS DE APOYO,,,6
2021,4,ABR,PLATO DE APOYO CUADRADO 500 X 500 X 60,,,4
2021,4,ABR,PORTA CONOS + PORTAEXTINTOR + CAJA DE HERRAMIENTAS,,,1
2021,4,ABR,PORTAPOSTES + ESCALERA + PORTALLANTAS,,,1
2021,4,ABR,PORTATACOS,,,2
2021,4,ABR,RECEPTOR SCANRECO RC400 - TMF CRH - AU353 - SERIE 1047216,,,2
2021,4,ABR,RECEPTOR SCANRECO RC400 - TMF CRH - AU536 - SERIE 1047272,,,1
2021,4,ABR,RECEPTOR SCANRECO RC400 - TMF CRH - DU021 - SERIE 980394,,,1
2021,4,ABR,SEGURO DE PIN DE ESTABILIZADOR,,,6
2021,4,ABR,SEGURO DE PIN DE GANCHO DE CARGA,,,6
2021,4,ABR,SELECTOR GRUA - ESTABILIZADOR,,,1
2021,4,ABR,TACOS METALICOS EN CUÑA,,,4
2021,4,ABR,TANQUE DE ACEITE,,,3
2021,4,ABR,VISOR DE ACEITE 1K90020,,,3
2021,4,ABR,VISOR DE TANQUE,,,1
2021,5,MAY,ACOPLE A MEDIDA,,,1
2021,5,MAY,AJUSTE DE JEBE DE CONTROL REMOTO CON PERNO,,,14
2021,5,MAY,ANTENA DE RECEPTOR,,,1
2021,5,MAY,ARANDELA,,,7
2021,5,MAY,BATERIA HETRONIC 3.6V/ 2.0 Ah,,,3
2021,5,MAY,BATERIAS SCANRECO,,,2
2021,5,MAY,BLOQUE DE DISTRIBUIDOR,,,1
2021,5,MAY,BOCINA DE NYLON,,,8
2021,5,MAY,CABLE SERIAL P/N 47545,,,1
2021,5,MAY,"CANASTILLA PARA 1 PERSONA, MARCA SITHEMSA",,,1
2021,5,MAY,CARCASA,,,1
2021,5,MAY,CARGADOR DE BATERIAS SCANRECO TYPE 434,,,1
2021,5,MAY,CERTIFICACION SCANRECO AB,,,1
2021,5,MAY,CONECTOR - CABLE,,,1
2021,5,MAY,CONECTOR - CAPA PROTECTORA,,,1
2021,5,MAY,CONTROL REMOTO SCANRECO RC400 - SERIAL CU547 - SERIE 1072236,,,1
2021,5,MAY,CORREA DE CONTROL REMOTO,,,1
2021,5,MAY,DECLARACION DE CONFORMIDAD FABER-COM,,,1
2021,5,MAY,DECLARACION DE CONFORMIDAD SCANRECO,,,1
2021,5,MAY,DIAGRAMA DE CONTROL SCANRECO,,,1
2021,5,MAY,FICHA TECNICA BLOQUE HIDRAULICO,,,1
2021,5,MAY,FILTER PRESSURE,,,1
2021,5,MAY,FILTRO DE AIRE,,,2
2021,5,MAY,FILTRO DE BLOQUE DE DISTRIBUIDOR - TIPO CAMPANA,,,1
2021,5,MAY,FILTRO DE PRESION,,,2
2021,5,MAY,FILTRO DE RETORNO,,,2
2021,5,MAY,HARNESS - CABLEADO,,,1
2021,5,MAY,JUEGO DE RETENES,,,2
2021,5,MAY,MANOMETRO,,,1
2021,5,MAY,MANUAL DE INSTALACION DE BLOQUE HIDRAULICO MULTIFUNCION MOD10,,,1
2021,5,MAY,MANUAL DE PROGRAMACION RC400,,,1
2021,5,MAY,MANUAL DE USUARIO - SYSTEM RC400,,,1
2021,5,MAY,PERNO,,,7
2021,5,MAY,PERNOS,,,1
2021,5,MAY,PIN,,,1
2021,5,MAY,PLACA DE NYLON,,,1
2021,5,MAY,RECEPTOR SCANRECO SERIAL CU547 - SERIE 1037957,,,1
2021,5,MAY,SEAL KIT DE EST. POSTERIOR,,,2
2021,5,MAY,SEGURO DE BLOQUE DE DISTRIBUIDOR,,,4
2021,5,MAY,SEGURO DE PIN,,,1
2021,5,MAY,SELECTOR ON/OFF,,,1
2021,5,MAY,STICKERS DE MANDO,,,1
2021,5,MAY,TUERCA,,,7
2021,5,MAY,VALVULA DE DISTRIBUIDOR - COD. A5000020011-VH0618,,,1
2021,5,MAY,VALVULA SOLENOIDE,,,1
2021,5,MAY,VISOR DE NIVEL,,,1
2021,6,JUN,CAÑERIA,,,1
2021,6,JUN,ELECTROVALVULA,,,1
2021,6,JUN,FILTRO DE AIRE,,,2
2021,6,JUN,FILTRO DE PRESION,,,2
2021,6,JUN,FILTRO DE RETORNO,,,4
2021,6,JUN,KIT DE ORING 1 X14,,,1
2021,6,JUN,"KIT DE ORING 1,5 X14",,,1
2021,6,JUN,LENGÜETA DE GANCHO,,,1
2021,6,JUN,MANOMETRO,,,1
2021,6,JUN,PERNO DE TORNAMESA,,,96
2021,6,JUN,PLATO DE APOYO 400X400X50,,,20
2021,6,JUN,SEAL KIT DE EST. POSTERIOR,,,2
2021,6,JUN,VALVULA DE BLOQUE PRINCIPAL,,,1
2021,7,JUL,ALMOHADILLAS,,,6
2021,7,JUL,ANTENA HETRONIC,,,1
2021,7,JUL,"BATERIA HETRONIC 3,6V / 2,0Ah",,,1
2021,7,JUL,BATERIA SCANRECO,,,1
2021,7,JUL,CAJA DE INTERFAZ O TARJETA,,,1
2021,7,JUL,CARGADOR SCANRECO,,,1
2021,7,JUL,DIAGRAMA DE CARGA,,,1
2021,7,JUL,FILTRO DE AIRE,,,2
2021,7,JUL,FILTRO DE PRESION,,,2
2021,7,JUL,FILTRO DE RETORNO,,,2
2021,7,JUL,GUIA LATERAL DE BRONCE,,,10
2021,7,JUL,JUEGO DE RETENES,,,3
2021,7,JUL,KIT DE RETENES,,,1
2021,7,JUL,"KIT DE TRANSFORMACION DE 7S A 8S, EFFER 855/7S",,,1
2021,7,JUL,LLAVE SELECTORA GRUA - ESTABILIZADOR,,,1
2021,7,JUL,MANGO ERGONOMICO,,,2
2021,7,JUL,MANOMETRO,,,1
2021,7,JUL,NIPLE HIDRAULICO,,,1
2021,7,JUL,PALANCA DE MANDO  ,,,2
2021,7,JUL,PERNOS,,,4
2021,7,JUL,RETENES DE BASCULANTE,,,1
2021,7,JUL,SEGURO DE PIN,,,1
2021,7,JUL,SENSOR DE ANGULO,,,1
2021,7,JUL,SENSOR FINAL DE CARRERA,,,3
2021,7,JUL,SOPORTE,,,1
2021,7,JUL,SOPORTE DE ABRAZADERAS,,,2
2021,7,JUL,TABLA DE CARGA,,,2
2021,7,JUL,TUERCA DE PALANCA,,,2
2021,7,JUL,TUERCA M22,,,48
2021,7,JUL,VENTILADOR ELECTRICO,,,1
2021,7,JUL,VISOR INDICADOR DE ACEITE,,,1
2021,8,AGO,BOMBA HIDRAULICA ACODADA DE 110 LITROS,,,1
2021,8,AGO,CONTRATUERCA,,,2
2021,8,AGO,DIAGRAMA DE CARGA HORIZONTAL,,,2
2021,8,AGO,FILTRO DE PRESION,,,1
2021,8,AGO,FILTRO DE RETORNO,,,1
2021,8,AGO,GRAPA SEGURO DE SOPORTE DE PISTON,,,5
2021,8,AGO,GUIA BLOCK 1ER CAJON,,,2
2021,8,AGO,GUIA BLOCK 2DO CAJON,,,2
2021,8,AGO,GUIAS DE PROLONGAS,,,4
2021,8,AGO,GUIAS LATERALES DE PROLONGAS,,,8
2021,8,AGO,"LENGÜETA DE GANCHO DE CARGA 11,5 TN",,,1
2021,8,AGO,SOPORTE DE JEBE DE DESCANSO DE GRUA,,,1
2021,8,AGO,STICKER MANDOS DE ESTABILIZACION,,,2
2021,8,AGO,STICKER SELECTOR DE ACTIVACION,,,2
2021,8,AGO,SWIVEL ELECTRICO,,,1
2021,8,AGO,VALVULA DE EXTENSION,,,1
2021,8,AGO,VISOR INDICADOR DE ACEITE,,,1
2021,9,SET,ALMOHADILLA,,,4
2021,9,SET,CARTUCHO DE FILTRO,,,1
2021,9,SET,DIAGRAMA 855 / 9S - VERTICAL,,,3
2021,9,SET,DISPOSITIVO REGRESO VASTAGO,,,1
2021,9,SET,FILTRO DE AIRE,,,1
2021,9,SET,FILTRO DE PRESION,,,1
2021,9,SET,FILTRO DE RETORNO,,,1
2021,9,SET,PERNOS,,,8
2021,9,SET,PORTAFILTRO - TAPA DE TANQUE,,,1
2021,10,OCT,ANTENA DE RECEPTOR,,,1
2021,10,OCT,BATERIA SCANRECO,,,1
2021,10,OCT,BATERIAS SCANRECO ,,,2
2021,10,OCT,BOMBA INTERPUMP DE 108 LTS ACODADA - 201FX108DSE - 21092147,,,1
2021,10,OCT,CABLE SERIAL CONTROL - GRUA,,,1
2021,10,OCT,CAJA DE HERRAMIENTAS,,,1
2021,10,OCT,CARGADOR DE BATERIAS SCANRECO TYPE,,,1
2021,10,OCT,CARGADOR SCANRECO,,,1
2021,10,OCT,"CARROCERIA METALICA CON BARANDAS REBATIBLES.- LA: 6.30M, AN: 2.60M, AL: 0,60, SERIE: SI-2108178",,,1
2021,10,OCT,CERTIFICADO DE GANCHO,,,1
2021,10,OCT,CERTIFICADO DE GARANTIA,,,1
2021,10,OCT,CINTAS REFLECTIVAS LATERALES Y POSTERIORES,,,12
2021,10,OCT,CONTRATUERCA,,,8
2021,10,OCT,CONTROL REMOTO SCANRECO RC400 - TMF CRH - TV046 - SERIE 1066889,,,1
2021,10,OCT,CORREA DE CONTROL REMOTO - CINTURA,,,1
2021,10,OCT,CORREA DE CONTROL REMOTO - CUELLO,,,1
2021,10,OCT,DECLARACION DE CONFORMIDAD SCANRECO,,,1
2021,10,OCT,DECLARACION DE INCORPORACION DE CUASI MAQUINA,,,1
2021,10,OCT,DECLARACION DE INSTALACION DEL SISTEMA DE RADIOCOMANDO,,,1
2021,10,OCT,DIAGRAMA DE CARGA 855 A 2 METROS,,,2
2021,10,OCT,DIAGRAMA DE CONTROL SCANRECO,,,2
2021,10,OCT,ENFRIADOR DE ACEITE 8919916 SERIE 18674476/ 10,,,1
2021,10,OCT,ESCALERA,,,1
2021,10,OCT,ESTABILIZADOR POSTERIOR MAXISTAB 5 EXHA/S-P SERIE 61858 / 2021,,,1
2021,10,OCT,FARO LED DE ADVERTENCIA - SEMAFORO NEGRO,,,1
2021,10,OCT,FILTRO DE AIRE,,,2
2021,10,OCT,FILTRO DE PRESION,,,2
2021,10,OCT,FILTRO DE RETORNO,,,1
2021,10,OCT,"GANCHO DE CARGA DE 31,5 TN - SERIE F-YK",,,1
2021,10,OCT,GATOS DE APOYO DELANTERO,,,2
2021,10,OCT,GUIA DE BRONCE,,,4
2021,10,OCT,HOROMETRO 9394458,,,1
2021,10,OCT,LENGÜETA DE GANCHO (D6),,,1
2021,10,OCT,LLAVE ANTIVUELCO,,,2
2021,10,OCT,LLAVE ENCENDIDO GENERAL,,,2
2021,10,OCT,LLAVE SELECTORA GRUA - ESTABILIZADOR,,,1
2021,10,OCT,MANOMETRO 8919354,,,1
2021,10,OCT,MANUAL DATA MONITOR UNIT (DMU) 3000 PLUS,,,1
2021,10,OCT,MANUAL DE CONTROL REMOTO SCANRECO RC400,,,1
2021,10,OCT,MANUAL DE OPERADOR ,,,1
2021,10,OCT,MANUAL DE PIEZAS Y PARTES 855,,,1
2021,10,OCT,NIVEL DE BURBUJA 8625912,,,2
2021,10,OCT,PARADA DE EMERGENCIA + DMU 3000,,,2
2021,10,OCT,PIN DE GANCHO DE CARGA,,,1
2021,10,OCT,PIN MANUAL,,,1
2021,10,OCT,PORTA CONOS  ,,,1
2021,10,OCT,PORTA EXTINTOR,,,1
2021,10,OCT,PORTA POSTES DELANTERO,,,1
2021,10,OCT,PORTA POSTES POSTERIOR,,,1
2021,10,OCT,PORTA TACOS,,,2
2021,10,OCT,RECEPTOR SCANRECO RC400 - TMF CRH - TV046 - SERIE 1069847,,,1
2021,10,OCT,SEGURO DE PIN DE ESTABILIZADOR,,,2
2021,10,OCT,SEGURO DE PIN DE GANCHO DE CARGA,,,2
2021,10,OCT,TACOS METALICOS  ,,,4
2021,10,OCT,TANQUE DE ACEITE,,,1
2021,10,OCT,TRANSDUCTOR DE PRESION,,,1
2021,10,OCT,VISOR DE ACEITE 1K90020,,,1
2021,12,OCT,TERMOSTATO,,,1
